timestamp,vehicle_id,rpm,engine_temp,mileage,error_code
2025-04-03T13:42:33.332273,10,2367.6455125232974,77.27518336552775,168716.46204021157,0
2025-04-03T13:42:43.332273,2,2296.2475409107556,86.60563242261485,146809.99694091274,0
2025-04-03T13:42:53.332273,6,2401.397656218038,91.98076758695711,133759.55356817626,0
2025-04-03T13:43:03.332273,2,2280.272820915079,87.00360274513498,114200.24337749036,0
2025-04-03T13:43:13.332273,10,2889.633333257072,86.97637986386185,154873.03704169465,0
2025-04-03T13:43:23.332273,3,2652.7084519353825,80.98369252432872,167933.86429609524,0
2025-04-03T13:43:33.332273,8,2094.7947169726904,90.48163169362196,127340.84206888558,0
2025-04-03T13:43:43.332273,3,2634.454072234343,78.53992136990236,186901.5109870944,0
2025-04-03T13:43:53.332273,10,2414.4853853875275,90.91082459938524,163122.05121144603,0
2025-04-03T13:44:03.332273,8,2838.1578919604135,88.50302792337781,152089.1967118051,0
2025-04-03T13:44:13.332273,8,2529.8024877719504,92.07344403691933,133390.88062389067,0
2025-04-03T13:44:23.332273,8,2842.860994749077,86.91819228639145,152051.98968691158,0
2025-04-03T13:44:33.332273,6,3021.5212238648405,89.5496096485058,129365.93457072334,0
2025-04-03T13:44:43.332273,10,2879.534535472524,78.49611129681709,158948.72903643074,0
2025-04-03T13:44:53.332273,10,2563.0029831487777,83.91464984964898,145246.8464314851,0
2025-04-03T13:45:03.332273,4,2563.124882212095,83.09623892948385,140218.9009818911,0
2025-04-03T13:45:13.332273,10,2613.159692860107,85.21029007240517,160185.81248819313,0
2025-04-03T13:45:23.332273,1,2227.9645216068066,83.37630958708675,145887.06735014243,0
2025-04-03T13:45:33.332273,6,2384.4306488869183,91.43896086484138,145063.5729858873,0
2025-04-03T13:45:43.332273,10,2561.7488338761445,81.24308402243639,194224.25271809468,0
2025-04-03T13:45:53.332273,4,2098.8761260786177,81.94973017242683,120398.59496958324,0
2025-04-03T13:46:03.332273,1,2764.762777445755,82.96282505246903,155332.42779260175,0
2025-04-03T13:46:13.332273,3,2263.4545174042487,90.58216971436504,122213.27297969651,0
2025-04-03T13:46:23.332273,3,2406.9422796257295,80.13682506841246,129500.53248476108,0
2025-04-03T13:46:33.332273,4,2540.1283626660124,85.453304313712,142295.50332092494,0
2025-04-03T13:46:43.332273,9,2401.5929256372506,96.49036620409241,157003.1664508987,0
2025-04-03T13:46:53.332273,8,2444.1020943433027,86.26198043785638,142348.13411468553,0
2025-04-03T13:47:03.332273,4,3292.176348229858,75.02917583153773,159344.9595807063,0
2025-04-03T13:47:13.332273,9,2257.9836753546765,91.41083881557792,170715.58660628303,0
2025-04-03T13:47:23.332273,5,1847.3256267822908,77.03420216308818,180199.7764324276,0
2025-04-03T13:47:33.332273,5,2162.8164437906707,84.715142704936,159937.9440462965,0
2025-04-03T13:47:43.332273,2,2397.900231817829,80.32674804039405,127261.09841119895,0
2025-04-03T13:47:53.332273,6,2490.45677029639,83.06539574062158,106021.29733020464,0
2025-04-03T13:48:03.332273,8,2316.756761696197,82.64402762185178,127758.72319829006,0
2025-04-03T13:48:13.332273,4,2432.687426506144,89.05634692705367,155560.4740898345,0
2025-04-03T13:48:23.332273,8,2398.3688849494024,81.13070674871949,129266.76078676934,0
2025-04-03T13:48:33.332273,2,2975.167121097369,87.63386821302055,165383.7419432162,0
2025-04-03T13:48:43.332273,6,2093.16942629063,73.17759515981163,166072.50751360698,0
2025-04-03T13:48:53.332273,9,2252.358375263792,84.1702512923257,135983.94064339733,0
2025-04-03T13:49:03.332273,6,2742.8705627374407,90.54136305569381,128787.36170775486,0
2025-04-03T13:49:13.332273,10,2411.903459676596,88.07482961816685,157798.64732872098,0
2025-04-03T13:49:23.332273,5,1796.8985096788474,81.88104285912031,185210.362341632,0
2025-04-03T13:49:33.332273,8,2143.417719524952,90.62220903639191,140403.98070001564,0
2025-04-03T13:49:43.332273,9,2393.4379635117225,81.80042920437269,158100.41379102206,0
2025-04-03T13:49:53.332273,2,2442.4397352821215,78.2893455168367,131691.08224354225,0
2025-04-03T13:50:03.332273,5,2502.910551016823,74.84244828378647,135433.3749667292,0
2025-04-03T13:50:13.332273,7,3043.5809078686434,82.70924110521244,154157.80944901082,1
2025-04-03T13:50:23.332273,3,2727.250134111288,81.93453733861125,126090.76714441348,0
2025-04-03T13:50:33.332273,7,2634.9443218660863,81.13970530923517,141796.3547226172,0
2025-04-03T13:50:43.332273,7,2244.2392956185768,85.20129833301776,133283.38186653872,0
2025-04-03T13:50:53.332273,3,2478.798448355326,79.85449183915493,152787.31367021773,0
2025-04-03T13:51:03.332273,5,2515.0721864499433,80.5593007590471,147694.38960075195,0
2025-04-03T13:51:13.332273,3,2600.787423397044,91.07938971849991,164989.13792388802,0
2025-04-03T13:51:23.332273,6,2806.6324913006533,77.61154486231072,145296.675025964,0
2025-04-03T13:51:33.332273,6,2656.093908949901,85.8359928320223,167488.10776517025,0
2025-04-03T13:51:43.332273,10,2540.6358570688967,86.15254487794131,138683.46478143573,0
2025-04-03T13:51:53.332273,7,2330.9549398642466,84.6095690054558,140244.04968842617,0
2025-04-03T13:52:03.332273,5,2571.8710358577564,76.15520682631603,147704.12782000314,0
2025-04-03T13:52:13.332273,7,2424.290612906269,82.65299847292864,158149.93102805805,0
2025-04-03T13:52:23.332273,5,2594.550027283706,85.09906551702271,157997.04308574376,0
2025-04-03T13:52:33.332273,10,2452.937139942946,82.00087110137719,130893.18887905491,0
2025-04-03T13:52:43.332273,7,2082.676304578676,88.66010662030274,166067.51554736955,0
2025-04-03T13:52:53.332273,8,2599.5681415976,93.4211790429926,113570.32322443834,0
2025-04-03T13:53:03.332273,7,1979.4686859143367,95.49291089881133,112927.32230855209,0
2025-04-03T13:53:13.332273,6,2662.01753701263,88.77924516473773,134766.9774709551,0
2025-04-03T13:53:23.332273,8,2568.9947787786173,82.8683938782341,151468.60426876906,0
2025-04-03T13:53:33.332273,8,2979.635293267788,78.69825356480003,162033.1605274785,0
2025-04-03T13:53:43.332273,6,2198.777530533936,87.69462446136696,144047.1173862003,0
2025-04-03T13:53:53.332273,4,2588.8721276821834,82.07795899017782,140253.36329765257,0
2025-04-03T13:54:03.332273,4,2573.848741903676,86.9866404975202,118330.24786461436,0
2025-04-03T13:54:13.332273,5,2526.5389166958416,84.32693214838808,122634.05010610235,0
2025-04-03T13:54:23.332273,7,2331.0770252125303,81.26841452108978,132963.11456796608,0
2025-04-03T13:54:33.332273,7,2333.10431268984,86.96313842019228,153180.68467514197,0
2025-04-03T13:54:43.332273,3,2628.4715510258943,80.71107145391171,142087.7042114863,0
2025-04-03T13:54:53.332273,7,2338.706247548824,77.3229986157707,162176.97472392782,0
2025-04-03T13:55:03.332273,9,2853.4334401921355,88.76704756502906,142157.93802558692,0
2025-04-03T13:55:13.332273,2,2549.35060243783,81.2348991725583,161999.55328028137,0
2025-04-03T13:55:23.332273,10,2416.8651963424204,94.87442188402022,118044.63474947857,0
2025-04-03T13:55:33.332273,4,2759.6511827304657,84.62732316189299,184121.63007319698,0
2025-04-03T13:55:43.332273,8,2548.62767776882,93.61274717094697,188714.62364154338,0
2025-04-03T13:55:53.332273,7,2232.4056574280776,91.64265616734987,163128.55173997878,0
2025-04-03T13:56:03.332273,3,2136.8595284128733,74.03084240261506,174242.30759364722,0
2025-04-03T13:56:13.332273,6,2027.146112841343,88.33433294532708,147675.01493892242,0
2025-04-03T13:56:23.332273,9,2511.7350035377153,90.49232898408972,123004.0214849758,0
2025-04-03T13:56:33.332273,8,2622.566088269655,97.82250166546602,154288.8546770568,0
2025-04-03T13:56:43.332273,3,2174.0625373884322,85.5807473823856,165275.451929422,0
2025-04-03T13:56:53.332273,2,2784.4163583025256,91.2502993733518,108613.38067095912,0
2025-04-03T13:57:03.332273,10,2540.945834083714,80.34829975747424,161128.9785986538,0
2025-04-03T13:57:13.332273,1,2615.244224440734,90.5386286455758,162375.55361804552,0
2025-04-03T13:57:23.332273,9,2387.166262970424,88.45273479304916,131828.70423389898,0
2025-04-03T13:57:33.332273,3,2844.6654443460006,79.54159198626486,169657.93290827156,0
2025-04-03T13:57:43.332273,9,2609.2761519040187,88.29861329187389,153504.2130277353,0
2025-04-03T13:57:53.332273,4,3048.07903442172,84.88245926692308,123253.21919626939,0
2025-04-03T13:58:03.332273,10,2537.961545671088,93.93746286259359,155244.96403196934,0
2025-04-03T13:58:13.332273,6,2490.09718279714,92.40988199887536,167992.830592056,0
2025-04-03T13:58:23.332273,8,2764.353072111127,85.61642291943102,128131.22663688356,0
2025-04-03T13:58:33.332273,1,2333.3921724030274,88.31762973744414,166395.55722159997,0
2025-04-03T13:58:43.332273,7,2333.3058107893085,95.6690110662859,155975.6190104232,0
2025-04-03T13:58:53.332273,7,2469.5978903624364,90.51115702138068,150264.98278099933,0
2025-04-03T13:59:03.332273,6,2776.8352895462103,85.08911064497185,131588.87118144077,0
2025-04-03T13:59:13.332273,3,2803.0837189549857,79.81252895120022,153076.29163095602,0
2025-04-03T13:59:23.332273,9,2819.69693223603,86.79896287967526,143207.62997644232,0
2025-04-03T13:59:33.332273,2,1953.029085095106,82.33361577295159,110621.48530574758,0
2025-04-03T13:59:43.332273,2,2262.5361263972895,82.76082247344826,156292.29944251003,0
2025-04-03T13:59:53.332273,8,2734.2354480796225,91.53906306284918,153838.36685330802,0
2025-04-03T14:00:03.332273,10,2504.5225206051623,82.10727523104411,92462.4168728172,0
2025-04-03T14:00:13.332273,3,2204.902002100354,83.82250745880225,135947.74207675413,0
2025-04-03T14:00:23.332273,5,2659.9179531591335,88.47053782877228,175641.21844315037,0
2025-04-03T14:00:33.332273,6,2506.241925881958,87.41852725189952,130062.91422885566,0
2025-04-03T14:00:43.332273,2,2697.3616607136087,81.46939338885916,136689.3878255901,0
2025-04-03T14:00:53.332273,6,2462.902176018411,97.48058738833927,156675.01754016735,0
2025-04-03T14:01:03.332273,4,2622.0668657568467,85.50618572995118,166977.54745821623,0
2025-04-03T14:01:13.332273,3,2270.863682157924,92.93403381724202,130612.38645059877,0
2025-04-03T14:01:23.332273,1,1930.9723546596874,84.70686428006685,132672.24311125427,0
2025-04-03T14:01:33.332273,5,2585.814550017499,82.39509726215327,155414.04708449735,0
2025-04-03T14:01:43.332273,1,1975.2714237977054,87.35377397450857,161409.72846308438,0
2025-04-03T14:01:53.332273,2,2396.4578449948467,87.8851742807131,136152.16617567683,0
2025-04-03T14:02:03.332273,3,2766.527016171326,89.3758505119478,155119.9895742094,0
2025-04-03T14:02:13.332273,9,2878.230065545511,85.56473177354223,163943.44275888105,0
2025-04-03T14:02:23.332273,7,2307.2354849013077,86.92294730635737,161745.3924625404,0
2025-04-03T14:02:33.332273,7,2443.513239468716,84.28292463949826,173770.16032367237,0
2025-04-03T14:02:43.332273,2,2814.550779775998,86.50439423515107,161483.8955656051,0
2025-04-03T14:02:53.332273,6,2516.6020252107623,86.69784737407142,135690.86972794577,0
2025-04-03T14:03:03.332273,10,2326.884303163485,78.82230556651173,187500.6594813801,0
2025-04-03T14:03:13.332273,3,2319.5308231259505,78.85885354519331,141524.13881035725,0
2025-04-03T14:03:23.332273,7,3033.518482128174,79.02600058132883,152550.4126566336,0
2025-04-03T14:03:33.332273,7,2730.348623708097,82.56333160963213,157425.82945516065,0
2025-04-03T14:03:43.332273,3,2775.1227469315586,91.3218458898221,189545.95401813116,0
2025-04-03T14:03:53.332273,10,2458.2781918517217,80.68686297104243,156418.68023022558,0
2025-04-03T14:04:03.332273,2,2260.8955397294944,82.62735065712305,145177.73425288257,0
2025-04-03T14:04:13.332273,3,1856.5720841026161,85.35075439831978,129580.72795569188,0
2025-04-03T14:04:23.332273,4,2345.091651818879,84.89161894705822,189996.59084081664,0
2025-04-03T14:04:33.332273,1,2546.1616492185076,89.6819737283842,157715.06265753848,0
2025-04-03T14:04:43.332273,8,2832.9002205076367,81.8728143283128,177712.47992267163,0
2025-04-03T14:04:53.332273,10,2661.54905789825,87.02929738290676,158797.7606751884,0
2025-04-03T14:05:03.332273,2,1927.9650511465463,83.48584615304048,111858.30469700557,0
2025-04-03T14:05:13.332273,2,2173.3367457875806,88.23826462425838,152447.40492478455,0
2025-04-03T14:05:23.332273,8,2348.016320386818,81.55874226320984,133746.01947154297,0
2025-04-03T14:05:33.332273,1,2791.478127210079,77.2279375732554,162704.99977285648,0
2025-04-03T14:05:43.332273,9,2603.7713537811514,85.07852135629639,140616.08128976187,0
2025-04-03T14:05:53.332273,3,2583.526765693273,81.00528018579676,174396.54000930185,0
2025-04-03T14:06:03.332273,2,2408.520613437594,80.62578339699981,164604.87719829736,0
2025-04-03T14:06:13.332273,3,2510.0926808576833,89.80785576113017,168422.37321168458,0
2025-04-03T14:06:23.332273,8,2340.398740594898,89.65507002946595,149890.3268734404,0
2025-04-03T14:06:33.332273,1,1843.814352385562,87.46157702368406,134950.1774646709,0
2025-04-03T14:06:43.332273,5,2013.3629493454134,85.73035647265046,169443.30252693323,0
2025-04-03T14:06:53.332273,10,2583.552250846497,83.93367098647778,174403.46029061562,1
2025-04-03T14:07:03.332273,4,2312.915295600206,75.38340017884137,135731.6297192591,0
2025-04-03T14:07:13.332273,6,2739.324523180577,89.04228423878013,138103.54692431065,0
2025-04-03T14:07:23.332273,6,2440.808034974907,80.24241264443023,163718.13534958425,0
2025-04-03T14:07:33.332273,8,2710.9081002588814,92.97433223499466,168029.2100282748,0
2025-04-03T14:07:43.332273,5,2408.651552207483,88.33438792938676,188662.41595271576,0
2025-04-03T14:07:53.332273,1,2191.853484288355,86.12985816682509,137059.6846878354,0
2025-04-03T14:08:03.332273,8,2415.8003643413,84.48915073543955,112773.3642435632,0
2025-04-03T14:08:13.332273,6,2537.442053685903,82.80247957782231,142330.31226539428,0
2025-04-03T14:08:23.332273,6,2398.9481714820304,92.96705081539972,128624.9340235667,0
2025-04-03T14:08:33.332273,4,2786.5908226017136,80.2257062888751,181338.69066563062,0
2025-04-03T14:08:43.332273,8,3243.0420132474087,89.61701316820425,159048.25385083936,0
2025-04-03T14:08:53.332273,4,2465.057193161756,83.06597890848295,160422.34989337678,0
2025-04-03T14:09:03.332273,2,2326.1938030732526,81.27029886950689,197361.19298430273,0
2025-04-03T14:09:13.332273,2,2691.123140882514,79.0824525226599,143654.08129581893,0
2025-04-03T14:09:23.332273,10,2560.5653815140085,83.25102195372988,136300.24973296616,0
2025-04-03T14:09:33.332273,5,2569.496990655797,79.0231142649429,143946.35407230697,0
2025-04-03T14:09:43.332273,2,2720.896156616788,84.46755446373663,124676.86349264708,0
2025-04-03T14:09:53.332273,7,2471.1907558008256,92.37360036513014,136624.0355486228,0
2025-04-03T14:10:03.332273,2,1886.0509548928528,76.86789254543909,161553.00672606428,0
2025-04-03T14:10:13.332273,3,2617.0440264863682,89.88897451127909,143947.17364631814,0
2025-04-03T14:10:23.332273,5,3009.4846660184166,77.57175407694199,149785.3118558666,0
2025-04-03T14:10:33.332273,5,2752.475322251213,79.10496479407128,147323.28747214167,0
2025-04-03T14:10:43.332273,9,2558.798987717111,90.68270231297811,174961.99982131837,0
2025-04-03T14:10:53.332273,4,2209.23483279027,87.88399923768203,156636.58753214934,0
2025-04-03T14:11:03.332273,2,2329.209995793167,91.11710899769048,160358.6435976388,0
2025-04-03T14:11:13.332273,5,2331.2185687947517,88.41787898068324,142713.12433631593,0
2025-04-03T14:11:23.332273,4,2764.660749540427,86.37505492877084,158762.14799106296,0
2025-04-03T14:11:33.332273,2,2544.0905511901606,87.23955444232011,166272.93556402947,0
2025-04-03T14:11:43.332273,9,2572.105331363109,81.79542094079538,121485.4925126092,0
2025-04-03T14:11:53.332273,8,2870.829665786025,75.43702622477568,166728.61559537452,0
2025-04-03T14:12:03.332273,10,2186.4475885266206,81.10884380289683,107036.0146236922,0
2025-04-03T14:12:13.332273,9,2577.432542157589,79.49791630802785,143606.89028277056,0
2025-04-03T14:12:23.332273,2,1842.1194522842463,87.64746795199997,108891.42808230591,0
2025-04-03T14:12:33.332273,5,2752.254734141912,82.0757622185496,93055.01896468308,0
2025-04-03T14:12:43.332273,8,2517.892164534667,82.18720586934647,122830.91888591176,0
2025-04-03T14:12:53.332273,9,2523.4655671215587,78.08591611522205,116572.78566407491,0
2025-04-03T14:13:03.332273,1,1941.3162050359456,76.53203904193225,141135.7936582739,0
2025-04-03T14:13:13.332273,2,2576.84047651257,88.78376230013502,174627.71079836087,0
2025-04-03T14:13:23.332273,8,2439.652241349056,89.27571430717106,169501.02409580164,0
2025-04-03T14:13:33.332273,4,2351.2693374505648,74.26708352572302,119423.5783688856,1
2025-04-03T14:13:43.332273,7,2557.195983372208,74.7946411621276,135606.68852782625,0
2025-04-03T14:13:53.332273,3,2401.418314411043,96.61131219150786,117515.2336279439,0
2025-04-03T14:14:03.332273,3,2734.6407748881356,86.58540498068147,139313.1633226932,0
2025-04-03T14:14:13.332273,10,1910.3847396230867,85.69588977409323,170889.7794376332,0
2025-04-03T14:14:23.332273,3,2277.205116859809,79.04250872550384,136675.36679289263,0
2025-04-03T14:14:33.332273,10,2579.1015602558973,86.48121412507254,155090.24973316115,0
2025-04-03T14:14:43.332273,3,1936.155520276552,88.72985668090203,155360.0313403921,0
2025-04-03T14:14:53.332273,1,2065.9106549879675,93.10532644246635,174486.97042446723,0
2025-04-03T14:15:03.332273,5,2804.247828302432,81.34378602208633,163652.83523742206,0
2025-04-03T14:15:13.332273,3,2131.1773560281467,78.79831422981891,136027.78909088808,0
2025-04-03T14:15:23.332273,2,2079.605705990099,92.16256009093672,194905.54171680112,0
2025-04-03T14:15:33.332273,4,2844.3658017030516,91.99727770953407,163269.35083665926,0
2025-04-03T14:15:43.332273,2,2286.1951717458983,85.62811309120298,147889.77342038302,0
2025-04-03T14:15:53.332273,7,2658.280454795196,85.16623782865965,171702.45753721503,0
2025-04-03T14:16:03.332273,1,2408.8530159172974,89.89027588361428,166348.03817927578,0
2025-04-03T14:16:13.332273,5,2285.2429701848464,77.13115057759946,153468.44236388855,0
2025-04-03T14:16:23.332273,9,2465.131563761255,82.56098097066184,132876.19570587357,0
2025-04-03T14:16:33.332273,9,2496.184095501704,91.9950656501657,151397.56889212408,0
2025-04-03T14:16:43.332273,8,2398.9440773633155,88.62579296275892,146994.08890574836,0
2025-04-03T14:16:53.332273,9,2481.677919451412,85.82562665989943,135197.8116410135,0
2025-04-03T14:17:03.332273,7,2763.088815642972,91.73908143248433,184510.6444346134,0
2025-04-03T14:17:13.332273,10,2276.9916947651764,86.93965104333145,149231.81750270477,0
2025-04-03T14:17:23.332273,2,2106.3663092551215,90.8464379326864,135497.48985014015,0
2025-04-03T14:17:33.332273,8,2393.801506142199,91.70670472755218,121004.47255813002,1
2025-04-03T14:17:43.332273,8,2739.674981523683,80.23587241828587,180223.44667191265,0
2025-04-03T14:17:53.332273,9,2529.5579857938833,72.11948274407281,156843.97111346675,0
2025-04-03T14:18:03.332273,4,2558.4784856085143,88.67583691098152,158786.95136859236,0
2025-04-03T14:18:13.332273,8,2505.0712617869144,82.02820434424461,172126.70839717265,0
2025-04-03T14:18:23.332273,7,2014.2260405115221,85.01574614648597,176456.8040177427,0
2025-04-03T14:18:33.332273,2,2695.821862339509,81.0960726988435,158566.01983738862,0
2025-04-03T14:18:43.332273,2,2487.597554521669,84.12090483416911,162706.56455503526,0
2025-04-03T14:18:53.332273,1,2087.2524040768267,78.91922036010118,141063.04336569083,0
2025-04-03T14:19:03.332273,7,2389.00188132384,82.1773633842885,140527.62347263022,0
2025-04-03T14:19:13.332273,5,2584.7100160112595,89.05381033783958,156377.60410264897,0
2025-04-03T14:19:23.332273,1,2099.6787072818092,83.39149306392105,152818.11602764344,0
2025-04-03T14:19:33.332273,9,2340.9057915707817,91.81766923852496,150693.5736082119,0
2025-04-03T14:19:43.332273,9,2914.3686414111367,82.23654925222368,168689.348484494,0
2025-04-03T14:19:53.332273,9,2461.056774614202,80.95089285863936,161063.37656039442,0
2025-04-03T14:20:03.332273,4,2417.3634083152638,83.72163254808957,142457.4152379126,0
2025-04-03T14:20:13.332273,6,2937.812441840944,91.81103046005424,172174.99725833043,0
2025-04-03T14:20:23.332273,3,2910.455326456504,80.36087566729191,136652.38901800328,0
2025-04-03T14:20:33.332273,7,2269.1790960626404,78.3906556516581,145245.2322771113,0
2025-04-03T14:20:43.332273,3,2863.1683114660455,92.25869147647703,168849.64050142426,0
2025-04-03T14:20:53.332273,4,2817.2858632124476,87.38881914951314,131277.8241010427,0
2025-04-03T14:21:03.332273,5,2724.114747820615,77.20272172883435,145304.49147269104,0
2025-04-03T14:21:13.332273,5,2417.9347064550075,82.78516890360797,138675.6392928879,0
2025-04-03T14:21:23.332273,2,2795.1276032394076,79.82699440577625,133717.93615810713,0
2025-04-03T14:21:33.332273,7,1822.6743905981593,86.85438571694259,165888.4153589146,0
2025-04-03T14:21:43.332273,5,2468.341027070874,90.69294742545257,144776.5959781397,0
2025-04-03T14:21:53.332273,3,1724.0940165034265,92.01187400887429,178178.6521647902,0
2025-04-03T14:22:03.332273,9,2412.3586649456824,89.14716901574188,123779.58656739471,0
2025-04-03T14:22:13.332273,6,2842.985405148046,84.54968313436007,126092.71203594247,0
2025-04-03T14:22:23.332273,8,2234.254012704254,76.3144666913508,145932.96096793935,0
2025-04-03T14:22:33.332273,8,2814.9274101565693,77.11312966065205,175414.69607356016,0
2025-04-03T14:22:43.332273,9,2887.494845068681,82.18579438298522,150987.46783101396,0
2025-04-03T14:22:53.332273,1,2571.3985984622277,85.15018808177403,157851.57270481146,0
2025-04-03T14:23:03.332273,5,2518.104544505786,84.3072760512507,159284.77897099592,0
2025-04-03T14:23:13.332273,7,2348.708480147751,84.4494408763868,124838.45161703034,0
2025-04-03T14:23:23.332273,3,2339.461546315328,92.36189056638266,130803.21969186203,0
2025-04-03T14:23:33.332273,9,2245.377747954743,81.91758280476633,155303.86389590445,0
2025-04-03T14:23:43.332273,5,2394.7999669312853,89.768266150152,141496.95719476935,0
2025-04-03T14:23:53.332273,5,2550.7435408223855,93.54551021815276,142803.7193586778,0
2025-04-03T14:24:03.332273,9,2802.517525386125,91.14264022072523,181346.48591499156,0
2025-04-03T14:24:13.332273,9,2495.783043501644,78.00426108922841,158126.3104069087,0
2025-04-03T14:24:23.332273,2,2260.6432532756494,81.27979876569776,133408.25003920804,0
2025-04-03T14:24:33.332273,7,2380.7194939677547,86.7865746239315,155857.67564364,0
2025-04-03T14:24:43.332273,6,2368.9827438272264,85.88402657674465,140933.99279454473,0
2025-04-03T14:24:53.332273,9,2521.7643391481784,87.23051055261433,152581.74776874174,0
2025-04-03T14:25:03.332273,5,3148.8200792729194,87.94920462063796,149527.81904271408,0
2025-04-03T14:25:13.332273,7,2315.4203335651696,79.00814728634988,148860.57670869216,0
2025-04-03T14:25:23.332273,2,2511.667626838423,86.38798057767801,134295.37671778016,0
2025-04-03T14:25:33.332273,5,1875.484918337755,82.82703259349515,149924.70082498738,0
2025-04-03T14:25:43.332273,6,2237.5977760387404,85.2339343750981,171132.64019985826,0
2025-04-03T14:25:53.332273,2,2528.4971897745145,81.0186568638444,166803.44573174158,0
2025-04-03T14:26:03.332273,3,2528.4613934937115,79.89133347778302,128490.87015485857,0
2025-04-03T14:26:13.332273,8,2751.580703971835,81.34334891737171,158639.48731448926,0
2025-04-03T14:26:23.332273,3,2894.424536325045,93.72444313406639,135013.10194932908,0
2025-04-03T14:26:33.332273,8,2300.7620237673427,81.2884139832908,145721.0228799464,0
2025-04-03T14:26:43.332273,7,3026.990545676017,85.1180742171363,142174.70615997206,1
2025-04-03T14:26:53.332273,5,2693.134208246142,83.4037783426193,156933.39781774054,0
2025-04-03T14:27:03.332273,1,1750.104671929746,82.58535361508739,140459.28124865578,0
2025-04-03T14:27:13.332273,1,2551.2919509133403,86.05434364074154,148780.86627442087,0
2025-04-03T14:27:23.332273,7,2480.5875720885233,76.43069925397765,146950.6517587445,0
2025-04-03T14:27:33.332273,6,2731.335906731666,87.92031189760887,136198.55756339146,0
2025-04-03T14:27:43.332273,4,1916.5489950665346,84.23281489232747,197151.58420178998,0
2025-04-03T14:27:53.332273,9,2011.0526445768492,90.00002887716278,162137.6845395851,0
2025-04-03T14:28:03.332273,9,3279.356581488614,85.06805854429497,163850.54574638896,0
2025-04-03T14:28:13.332273,8,2167.528620093087,83.26384831791287,172002.37705009323,0
2025-04-03T14:28:23.332273,10,2735.9319628561975,89.66324606335365,142718.84309697713,0
2025-04-03T14:28:33.332273,4,2313.671207783328,88.48907935954509,162579.95740384643,0
2025-04-03T14:28:43.332273,4,2772.506034659791,86.41546162577056,89524.76290726448,0
2025-04-03T14:28:53.332273,10,2780.7806313743163,77.24229262242493,151541.17592512228,0
2025-04-03T14:29:03.332273,1,2093.786219771843,82.86465547022678,138932.7609993002,0
2025-04-03T14:29:13.332273,7,2368.190853178801,84.34559138902223,141937.56482205956,0
2025-04-03T14:29:23.332273,8,2454.02586867045,88.09993309326536,132772.30193975274,0
2025-04-03T14:29:33.332273,6,2665.1862318124627,67.7659217532213,94389.62720430488,0
2025-04-03T14:29:43.332273,6,2416.7421353345753,90.15518214765522,164187.33067169145,0
2025-04-03T14:29:53.332273,1,2715.5012350997617,84.77588453214948,112872.17366594277,0
2025-04-03T14:30:03.332273,9,2154.1381645338656,85.76474652171848,145550.52703588246,0
2025-04-03T14:30:13.332273,9,2111.446401057827,84.9507029515679,129658.94211663376,0
2025-04-03T14:30:23.332273,9,3063.470751110794,81.65561636976022,144184.54351659835,0
2025-04-03T14:30:33.332273,10,2656.4736620217186,85.5799500301576,126918.01841727717,0
2025-04-03T14:30:43.332273,3,1921.4463572684983,84.50784588911408,182149.12564043963,0
2025-04-03T14:30:53.332273,9,2229.015813436229,85.83027156007054,160332.8492449457,0
2025-04-03T14:31:03.332273,4,2224.9940211371186,92.47132968251837,166089.52701678578,0
2025-04-03T14:31:13.332273,8,2356.8864893739146,91.27601150670729,159098.17246054963,0
2025-04-03T14:31:23.332273,4,2244.309082994234,85.81149317043419,144072.08159302926,0
2025-04-03T14:31:33.332273,8,2759.7196527981455,86.20784000961011,185470.63815014216,0
2025-04-03T14:31:43.332273,3,2691.0821692591567,84.40649740059068,123889.80050519147,0
2025-04-03T14:31:53.332273,7,2502.8310247470267,82.97305701997327,126146.29028992413,0
2025-04-03T14:32:03.332273,7,2360.0291796977936,74.44282761306569,129932.76226698922,0
2025-04-03T14:32:13.332273,3,2961.4955072894636,89.11420346394493,118053.79808409096,0
2025-04-03T14:32:23.332273,6,2763.7510255568754,90.4173168928601,163481.04905474896,0
2025-04-03T14:32:33.332273,3,2417.322827457745,80.61832167097073,147710.32458941467,1
2025-04-03T14:32:43.332273,5,2959.3528045735384,86.07939420547007,166370.7327591536,0
2025-04-03T14:32:53.332273,10,2773.1843658336,87.9997553133305,140493.88031474012,0
2025-04-03T14:33:03.332273,5,2143.174860125449,85.53939642843726,166673.47754279667,0
2025-04-03T14:33:13.332273,4,2674.16844911072,84.41685914599381,130825.93775895167,0
2025-04-03T14:33:23.332273,10,2578.874152225562,87.01219548041827,150245.56785893053,0
2025-04-03T14:33:33.332273,9,2233.831994695027,85.64939041086815,160349.2835886054,0
2025-04-03T14:33:43.332273,6,2443.5532016291622,83.62384630910059,170462.47623406356,1
2025-04-03T14:33:53.332273,7,2746.3778236925405,86.03144991277047,150641.69241638744,0
2025-04-03T14:34:03.332273,1,2792.773924948384,90.8232831923872,156287.104810902,0
2025-04-03T14:34:13.332273,3,3037.8220001687214,80.59676416316951,127057.62171255948,0
2025-04-03T14:34:23.332273,4,2026.8014904756321,85.36618853906053,114256.61191608147,0
2025-04-03T14:34:33.332273,1,2417.52809767984,86.06453611250365,200609.10551793713,0
2025-04-03T14:34:43.332273,1,2124.3047280647374,86.73134289418671,160003.51598815547,0
2025-04-03T14:34:53.332273,7,2232.4731122953717,83.81365774571371,140986.2701986417,0
2025-04-03T14:35:03.332273,4,2096.7214860708,87.71750350031014,129659.46284589828,0
2025-04-03T14:35:13.332273,8,2471.380647687402,94.98581023234617,135170.07908658325,0
2025-04-03T14:35:23.332273,5,2281.4016483972814,83.32029614629748,180668.66934517652,0
2025-04-03T14:35:33.332273,8,2329.7854842925253,90.07704432128551,161301.46699171228,0
2025-04-03T14:35:43.332273,9,2564.8156436772156,83.47272941063528,182309.45506678757,0
2025-04-03T14:35:53.332273,10,2253.5573863765158,88.1628452697818,124596.33408106084,0
2025-04-03T14:36:03.332273,2,2417.659828671329,83.62200905766093,129807.24281359142,0
2025-04-03T14:36:13.332273,1,2545.001809667733,85.16157353130254,123796.47185690935,0
2025-04-03T14:36:23.332273,8,2193.087225997931,79.48905683051859,137930.8320419017,0
2025-04-03T14:36:33.332273,7,2489.8673337651494,79.14001104964801,153280.85340641678,0
2025-04-03T14:36:43.332273,10,2416.382049344932,89.37085109810455,141032.02879724893,0
2025-04-03T14:36:53.332273,10,2416.557066630301,87.48058694777802,155381.15666599615,0
2025-04-03T14:37:03.332273,5,1863.3808807887028,90.82208599430581,96933.34442554228,0
2025-04-03T14:37:13.332273,4,2211.980437260257,81.51085911330932,143199.96543768694,0
2025-04-03T14:37:23.332273,9,2750.2751103873256,76.33938408489048,166175.3594085753,0
2025-04-03T14:37:33.332273,3,2793.851286600255,82.71150681337882,148702.34873545024,0
2025-04-03T14:37:43.332273,4,2786.958822886939,80.20489415600467,156023.77489009305,0
2025-04-03T14:37:53.332273,1,2376.9025613062195,90.83133890554868,154621.33631660658,0
2025-04-03T14:38:03.332273,6,2095.5764610585684,81.60246109638919,139276.64711216558,0
2025-04-03T14:38:13.332273,3,2320.1858805579304,91.35775055598837,122434.6678649886,0
2025-04-03T14:38:23.332273,2,2419.431790740902,80.02395957141943,164237.93460341645,0
2025-04-03T14:38:33.332273,1,2940.8979190660602,85.41149469352966,149714.94349398755,0
2025-04-03T14:38:43.332273,2,2304.125466793568,88.83690909713387,164939.98090062203,1
2025-04-03T14:38:53.332273,10,2539.2460742284115,87.40676372973786,165819.14183286086,0
2025-04-03T14:39:03.332273,7,2314.39123352641,88.39365726315796,145304.50962491168,0
2025-04-03T14:39:13.332273,1,2216.85690031863,88.68593344654123,178170.98359689442,0
2025-04-03T14:39:23.332273,3,2569.484743484633,86.8752692137513,140363.19858783222,0
2025-04-03T14:39:33.332273,6,2364.72089601013,88.95188815453751,149492.47955871807,0
2025-04-03T14:39:43.332273,3,2783.0189061662413,82.13743443388353,170308.93356667753,0
2025-04-03T14:39:53.332273,5,1872.7792750318913,96.7831576802172,131413.71948146183,0
2025-04-03T14:40:03.332273,5,2990.397549503881,82.76613028770605,149782.35882006155,0
2025-04-03T14:40:13.332273,1,2320.386418076169,86.84683555005765,166040.22791679332,0
2025-04-03T14:40:23.332273,4,2336.122650188918,89.90692448699679,154053.24337483235,0
2025-04-03T14:40:33.332273,4,2379.0502644701014,86.81130254130434,176913.70614886563,0
2025-04-03T14:40:43.332273,7,2546.318339715134,89.07453581697354,186598.6736506004,0
2025-04-03T14:40:53.332273,5,2554.7200226885257,86.61121941815006,127142.65926797103,0
2025-04-03T14:41:03.332273,3,2399.067843967361,83.59271827942626,160367.83848288553,0
2025-04-03T14:41:13.332273,10,2351.570546528668,83.0466565737286,125670.25206484646,0
2025-04-03T14:41:23.332273,6,2268.751490825048,84.75029043379546,130594.57235362171,0
2025-04-03T14:41:33.332273,6,2984.822501126417,83.84022655691288,177134.6932527177,0
2025-04-03T14:41:43.332273,8,2423.1364144893564,82.27885277000549,187566.98967751616,0
2025-04-03T14:41:53.332273,2,3005.827100887856,84.21483845425385,156750.94507454205,0
2025-04-03T14:42:03.332273,9,2700.0425216521053,81.24839022061371,153389.81907215624,0
2025-04-03T14:42:13.332273,1,2902.971996331834,79.47764496731115,132599.07348286684,0
2025-04-03T14:42:23.332273,1,2652.8499432134804,86.834729416986,132591.27109101333,0
2025-04-03T14:42:33.332273,4,2799.9455679015123,88.66820451230763,134569.4443023361,0
2025-04-03T14:42:43.332273,5,2349.415056550609,94.03801713450778,163964.02042152156,0
2025-04-03T14:42:53.332273,2,2819.02743639054,85.12583255857692,158504.35305146416,0
2025-04-03T14:43:03.332273,9,2553.736501837259,86.34264994579517,131544.68632458829,0
2025-04-03T14:43:13.332273,4,2487.7061291286914,84.50494602141939,137270.4450829268,0
2025-04-03T14:43:23.332273,2,2606.1615149068134,95.37998442949993,153961.8094408198,0
2025-04-03T14:43:33.332273,5,1536.1350008545635,78.65086062224731,166912.15427764654,0
2025-04-03T14:43:43.332273,2,2037.22464318776,84.54349041970616,119497.53403356069,0
2025-04-03T14:43:53.332273,2,2675.784862512388,80.88899959489893,138820.65489524088,0
2025-04-03T14:44:03.332273,7,2754.197374696645,81.26596048205526,150913.80834680732,0
2025-04-03T14:44:13.332273,8,2711.5881335831605,87.60670560037661,144696.26883757548,0
2025-04-03T14:44:23.332273,6,2300.8239670855473,78.64754867744894,148213.77588577115,0
2025-04-03T14:44:33.332273,2,2315.7885985874036,92.01141115108335,140366.1826146513,0
2025-04-03T14:44:43.332273,10,2610.55986019186,84.86497026341578,129874.35522535504,0
2025-04-03T14:44:53.332273,3,2766.5773703455525,83.71641762449973,170226.8986467095,0
2025-04-03T14:45:03.332273,2,2639.3939528809174,77.18416217621954,165284.1858637042,0
2025-04-03T14:45:13.332273,10,1978.7398972573496,87.62145605653443,157247.1243507341,0
2025-04-03T14:45:23.332273,1,2191.0985994436164,80.47110242984581,171108.0715394765,0
2025-04-03T14:45:33.332273,4,2764.683926186385,84.72582440721764,113261.63734918956,0
2025-04-03T14:45:43.332273,5,2471.8481265371483,89.32981717824548,139643.41750280015,0
2025-04-03T14:45:53.332273,6,2761.112182322096,83.7142475423759,143678.3421727118,0
2025-04-03T14:46:03.332273,7,2033.4117843385852,84.50978232760075,143148.8812040731,0
2025-04-03T14:46:13.332273,5,2680.617219301868,83.08340349609254,201363.39530175613,0
2025-04-03T14:46:23.332273,2,3246.0968647010536,85.80781758527223,147190.8135665848,0
2025-04-03T14:46:33.332273,1,2054.391926709712,89.70552938630584,153180.250639727,0
2025-04-03T14:46:43.332273,9,2887.101567765439,72.06248041462516,114904.78381659009,0
2025-04-03T14:46:53.332273,10,2704.8327672398914,90.22990296137962,139788.34511388213,0
2025-04-03T14:47:03.332273,7,2526.9468581117894,84.10150380122079,147076.80035566504,0
2025-04-03T14:47:13.332273,2,2924.2291438171196,89.46370143395015,169430.412056223,0
2025-04-03T14:47:23.332273,5,2202.3413284715757,93.18784098624624,161203.38310772943,0
2025-04-03T14:47:33.332273,7,2321.4575965671133,83.53352219496844,127653.45906400833,0
2025-04-03T14:47:43.332273,6,2678.2462644984294,95.49823966255768,157255.9964112445,0
2025-04-03T14:47:53.332273,3,3066.8594726959536,93.29859932163353,116471.70763800797,0
2025-04-03T14:48:03.332273,10,2565.131174330935,80.26541985739244,166977.00103601938,0
2025-04-03T14:48:13.332273,8,2640.369756451375,89.50834436638797,159475.90637779675,0
2025-04-03T14:48:23.332273,6,2472.064310017462,76.84270939751804,178173.00854535252,0
2025-04-03T14:48:33.332273,9,2129.5431236583845,82.4709073027193,173305.7419020937,0
2025-04-03T14:48:43.332273,1,1720.317242913939,85.48938176869179,170229.7251674304,0
2025-04-03T14:48:53.332273,5,2046.365633505001,76.4507663790248,161759.18263354138,0
2025-04-03T14:49:03.332273,6,2523.55531355644,82.94057335627674,117548.65260238483,0
2025-04-03T14:49:13.332273,3,2531.9870186758394,80.17783564625742,143466.67760782855,0
2025-04-03T14:49:23.332273,8,2119.3363686158655,73.36357768528316,165177.80972277364,0
2025-04-03T14:49:33.332273,3,2358.036743780659,83.82872213390885,172043.10957666498,0
2025-04-03T14:49:43.332273,6,2642.6136022589612,87.92936578195604,152453.62660798684,0
2025-04-03T14:49:53.332273,5,1773.6314255305724,83.02174493995841,173451.56628368812,0
2025-04-03T14:50:03.332273,4,2662.113062768144,86.43120649151926,132962.212064659,0
2025-04-03T14:50:13.332273,2,2423.447907048305,81.81497536360686,153203.77718771945,0
2025-04-03T14:50:23.332273,8,2453.660704841293,82.66730685874727,143327.2928246703,0
2025-04-03T14:50:33.332273,7,2263.136648341417,89.01805943698827,150105.30671649944,0
2025-04-03T14:50:43.332273,7,2637.0816225271014,80.59430378849142,163407.2488966745,0
2025-04-03T14:50:53.332273,3,1926.8394299385127,82.11783452421164,168044.77837469368,0
2025-04-03T14:51:03.332273,8,2503.870115064895,85.09221502662966,157987.2925362284,0
2025-04-03T14:51:13.332273,8,2332.5081620162327,80.1944590538489,141144.81835146676,0
2025-04-03T14:51:23.332273,6,2251.6768635971866,84.61816087697599,124882.49749344328,0
2025-04-03T14:51:33.332273,8,2154.920484530755,75.42043841710958,120005.61272542815,0
2025-04-03T14:51:43.332273,4,2777.1126134890837,93.71364241525515,164888.63756209344,0
2025-04-03T14:51:53.332273,7,2405.560417174602,89.18375835163087,183721.83801172228,0
2025-04-03T14:52:03.332273,7,1713.8031595666328,82.41985172478134,169044.23172757032,0
2025-04-03T14:52:13.332273,6,2683.108900558969,85.80331714812057,167656.70628765965,0
2025-04-03T14:52:23.332273,6,2416.7015505226505,72.52987127695566,110986.3893611548,0
2025-04-03T14:52:33.332273,8,2323.738482300381,85.02144013116173,144045.59961364855,0
2025-04-03T14:52:43.332273,7,2354.3212365048325,84.40264169821742,176485.08321599974,0
2025-04-03T14:52:53.332273,5,2753.0091841237295,86.69363643159663,116575.35609111947,0
2025-04-03T14:53:03.332273,6,2097.4728922135855,88.87426360680873,161097.6080235903,0
2025-04-03T14:53:13.332273,8,3408.152980258773,85.36102399293225,147850.99057837686,0
2025-04-03T14:53:23.332273,7,2601.3390321782304,90.23851381185113,135663.4732982808,0
2025-04-03T14:53:33.332273,7,3232.5818190017626,94.08335026286005,140818.8717035507,0
2025-04-03T14:53:43.332273,2,2781.8091721467936,83.38703703571042,117258.4061442472,0
2025-04-03T14:53:53.332273,2,2231.601909701281,78.45639565583895,118035.29506244112,1
2025-04-03T14:54:03.332273,6,2495.2200339616015,75.51279429967775,167445.37195117684,0
2025-04-03T14:54:13.332273,10,2161.657357318971,81.51675538031117,151795.0458889124,0
2025-04-03T14:54:23.332273,5,2488.222884040917,93.19512588455521,148593.19796848184,0
2025-04-03T14:54:33.332273,4,2131.2172581538352,91.84246599339403,163620.23101336937,0
2025-04-03T14:54:43.332273,6,2651.770651376585,89.82619204038377,108650.32913551996,0
2025-04-03T14:54:53.332273,1,2712.496361752592,83.04838956488717,138274.7337768799,0
2025-04-03T14:55:03.332273,2,2410.8403612543634,84.4878911657135,162084.38137545274,0
2025-04-03T14:55:13.332273,6,2925.87788581066,82.92529985403488,162105.12045664559,0
2025-04-03T14:55:23.332273,9,2702.3846733877335,79.89848644024553,142055.6966359942,0
2025-04-03T14:55:33.332273,3,2436.824886531079,83.16729711149391,142883.0592543551,0
2025-04-03T14:55:43.332273,5,2363.388477003982,79.54057069250624,131597.12355845305,0
2025-04-03T14:55:53.332273,4,2262.2389233273684,86.92915319023983,131338.7663982352,0
2025-04-03T14:56:03.332273,3,2030.7426371845772,93.03544453162135,159723.66934603438,0
2025-04-03T14:56:13.332273,5,2602.4774066712507,72.52659543035941,154535.70868986187,0
2025-04-03T14:56:23.332273,5,1917.2073046157034,83.27387236059641,125988.54031280744,0
2025-04-03T14:56:33.332273,7,1612.3982926638669,81.39908785298432,180488.09808156788,0
2025-04-03T14:56:43.332273,1,2388.315982775911,83.10880567772465,168784.66415031685,0
2025-04-03T14:56:53.332273,5,2669.249966974186,79.49043819669717,147619.71340176088,0
2025-04-03T14:57:03.332273,5,2531.4559108841136,83.82375116786163,156899.51384783004,0
2025-04-03T14:57:13.332273,6,2350.486159600565,84.8197399309654,129995.89631502991,0
2025-04-03T14:57:23.332273,5,1872.3862645076053,78.2194147542836,124805.87035298318,0
2025-04-03T14:57:33.332273,4,2537.859939644759,81.05066795971408,145735.78590721384,0
2025-04-03T14:57:43.332273,9,2706.7427075429528,86.88908481149704,124923.95082060625,0
2025-04-03T14:57:53.332273,4,1991.572687361084,86.04191918082216,194430.260225928,0
2025-04-03T14:58:03.332273,7,2417.6738442178075,84.31753511021333,145616.45711583478,0
2025-04-03T14:58:13.332273,5,2442.838867536446,85.25821469719692,162760.79625022018,0
2025-04-03T14:58:23.332273,5,2361.0203723295485,89.36535536344941,182714.66516240092,0
2025-04-03T14:58:33.332273,8,2482.394120851449,85.91433695510908,160433.25466075435,0
2025-04-03T14:58:43.332273,5,2726.271825822819,81.39752807032285,164534.11574308298,0
2025-04-03T14:58:53.332273,10,2779.3728910536015,77.91221820788415,170972.98156241077,0
2025-04-03T14:59:03.332273,4,2422.541161109352,91.84131819442968,158005.18836141666,0
2025-04-03T14:59:13.332273,6,2899.007780156773,87.61586563929178,105851.50346581479,0
2025-04-03T14:59:23.332273,8,2392.646049150278,78.36399436429578,156334.3318069138,0
2025-04-03T14:59:33.332273,4,2049.119090569084,84.88384234806207,151102.5294744964,0
2025-04-03T14:59:43.332273,7,2189.5779963716923,81.83577624569914,147766.27908305734,0
2025-04-03T14:59:53.332273,2,2519.5834156324863,85.61071313599446,193312.31580528434,0
2025-04-03T15:00:03.332273,1,2444.6790024439783,94.28220615372842,121469.56004898186,0
2025-04-03T15:00:13.332273,7,2819.1705204950567,83.76839796560884,137423.00388221836,1
2025-04-03T15:00:23.332273,5,2298.653403375089,83.1759386284863,139790.14732623426,0
2025-04-03T15:00:33.332273,3,2280.9537838262167,80.95301017531915,136233.63041709294,0
2025-04-03T15:00:43.332273,4,2957.7047204173336,89.2598153649704,160123.91929443824,0
2025-04-03T15:00:53.332273,5,2302.856276579029,87.40216929158802,175005.19442382804,0
2025-04-03T15:01:03.332273,2,2307.872526824445,74.92465339520025,144298.65989601298,0
2025-04-03T15:01:13.332273,8,3290.019215802479,91.71714164919531,162611.69216192467,0
2025-04-03T15:01:23.332273,1,2376.194560897443,78.20092344169376,148524.76561811747,0
2025-04-03T15:01:33.332273,10,3238.7428012072082,93.03246986634743,161049.40216484485,0
2025-04-03T15:01:43.332273,9,2697.6054126413705,89.08230040543171,147228.18465527077,1
2025-04-03T15:01:53.332273,4,2454.633464305916,86.48854301236035,166930.50131029004,0
2025-04-03T15:02:03.332273,1,2344.9497539081276,79.1206216925538,163628.92107479682,0
2025-04-03T15:02:13.332273,10,2593.3291292581916,90.4795896662551,145422.9703945279,0
2025-04-03T15:02:23.332273,5,2368.672091570141,82.40319678216673,176177.51300169507,0
2025-04-03T15:02:33.332273,9,2534.6848149073135,87.23998847667201,155072.5486712291,0
2025-04-03T15:02:43.332273,3,2704.593205278426,84.24204265836474,163781.65463967915,0
2025-04-03T15:02:53.332273,6,2422.062661248617,83.20053115638763,126900.67510332615,0
2025-04-03T15:03:03.332273,5,2278.2595265957652,87.58591988697471,152933.24607185606,0
2025-04-03T15:03:13.332273,3,2736.229239601185,84.81619600221197,119518.03492489975,0
2025-04-03T15:03:23.332273,5,2906.2532317918944,88.82380107920551,124859.49976436238,0
2025-04-03T15:03:33.332273,8,1705.920602678999,78.4281172946244,172788.28711819864,0
2025-04-03T15:03:43.332273,1,3248.9074466103375,92.15128328419857,171315.2214471266,0
2025-04-03T15:03:53.332273,5,2468.9810709366957,80.08337939383235,159425.98370181595,0
2025-04-03T15:04:03.332273,6,2071.8277324637247,85.86521666685302,150512.27418818805,0
2025-04-03T15:04:13.332273,5,2130.6564416551696,93.04881631174813,150935.3837909875,0
2025-04-03T15:04:23.332273,3,1934.5960832763317,80.963610020371,168077.37396190804,0
2025-04-03T15:04:33.332273,6,2346.1593018503395,79.5363522191942,145396.88263492368,0
2025-04-03T15:04:43.332273,4,1821.7219192245261,86.97902722135404,185250.00891625762,0
2025-04-03T15:04:53.332273,5,2558.1501992057906,87.74179770104779,156807.57816830213,0
2025-04-03T15:05:03.332273,8,3010.6709247256554,88.64169935269615,184155.5027513961,0
2025-04-03T15:05:13.332273,6,3141.5076760839324,96.22076169683119,149803.7628420577,0
2025-04-03T15:05:23.332273,4,2469.9649927065784,88.94612142348136,131270.381353229,0
2025-04-03T15:05:33.332273,1,2098.4102644945037,77.85287213266297,147403.3395453001,0
2025-04-03T15:05:43.332273,2,2752.697838567607,86.71187791562637,151339.41305272092,0
2025-04-03T15:05:53.332273,10,2661.9002959828363,89.85344646294823,153000.2461735794,0
2025-04-03T15:06:03.332273,5,2773.7621342251955,87.61735752366657,167348.2054481892,0
2025-04-03T15:06:13.332273,3,2493.9984866142127,81.70600967872244,103170.82301584062,0
2025-04-03T15:06:23.332273,7,2510.2833548694625,85.60574336742805,163992.03459418967,0
2025-04-03T15:06:33.332273,6,2521.753751568218,78.68231502429468,141831.05149089848,0
2025-04-03T15:06:43.332273,7,2664.616360004256,77.52780182949547,140811.47515541597,0
2025-04-03T15:06:53.332273,7,2717.0798143281013,80.59939971270379,115221.44874019698,0
2025-04-03T15:07:03.332273,10,2119.0161909958583,96.85001939928816,146441.20443954092,0
2025-04-03T15:07:13.332273,7,2675.9833595137625,88.48561952633688,163038.24608705094,0
2025-04-03T15:07:23.332273,5,2289.834945678766,84.82262836375537,122256.48878975077,0
2025-04-03T15:07:33.332273,10,2504.25196491989,81.43728297832882,182429.05933055922,0
2025-04-03T15:07:43.332273,8,2696.818513436393,95.41196362974358,130672.93686515205,0
2025-04-03T15:07:53.332273,4,2681.951079276106,86.62640694843529,142252.85098691582,0
2025-04-03T15:08:03.332273,9,3086.403382482177,85.74540056032824,136835.20639254918,0
2025-04-03T15:08:13.332273,4,2224.581255296449,87.84062400397667,136009.77966060388,0
2025-04-03T15:08:23.332273,2,2279.6576909192077,93.56469432569162,174861.38430349855,0
2025-04-03T15:08:33.332273,6,2433.7755741930973,85.51199603571241,119374.47655672865,0
2025-04-03T15:08:43.332273,10,2472.355533229558,85.48068283777734,143012.3061529308,0
2025-04-03T15:08:53.332273,9,2420.6689707114742,79.55238815246832,124178.04118922893,0
2025-04-03T15:09:03.332273,10,1619.4809466848342,93.35450118850787,176295.6599140404,0
2025-04-03T15:09:13.332273,9,2554.816117600799,79.41072338749113,138569.65518876558,0
2025-04-03T15:09:23.332273,1,2005.7401599533944,95.77148572453883,155549.3757418308,0
2025-04-03T15:09:33.332273,9,2016.3928611791857,80.6672712541502,172076.175309974,0
2025-04-03T15:09:43.332273,3,2433.138762483737,79.3898024453208,162306.8994093268,0
2025-04-03T15:09:53.332273,8,1650.347165360972,78.8646083359806,179406.01430269948,0
2025-04-03T15:10:03.332273,2,2104.8185908968458,85.88458935687407,158506.59879001958,0
2025-04-03T15:10:13.332273,1,2342.9277070630433,90.36892982528067,168469.99035673353,0
2025-04-03T15:10:23.332273,6,2134.611143528811,87.70144463825565,138094.493004446,0
2025-04-03T15:10:33.332273,5,2491.6486878700975,88.3031508059293,171333.58310782464,0
2025-04-03T15:10:43.332273,5,2836.6903338105044,83.88983741127367,159599.01452560467,0
2025-04-03T15:10:53.332273,8,2504.5531265733594,85.40779943758261,182072.02778981245,0
2025-04-03T15:11:03.332273,10,2470.011855780678,78.87182734169076,175410.81391249318,0
2025-04-03T15:11:13.332273,4,2115.7238104553317,90.32208001563404,153942.99443056283,0
2025-04-03T15:11:23.332273,9,2764.817675849272,82.58621816469983,173151.1593377422,0
2025-04-03T15:11:33.332273,10,2191.3658338523333,85.9781683838815,162166.8722523672,0
2025-04-03T15:11:43.332273,8,2796.0192832175335,82.72009009026729,149590.99853155858,0
2025-04-03T15:11:53.332273,7,2288.960680263173,87.69461175522898,167847.1721181126,0
2025-04-03T15:12:03.332273,10,2886.7815429017733,83.33272527636272,147308.7883427704,0
2025-04-03T15:12:13.332273,1,2052.0852818709623,89.5957610463727,148304.23611891098,0
2025-04-03T15:12:23.332273,5,2499.258979517262,90.54615920537852,148935.71498443035,0
2025-04-03T15:12:33.332273,9,2292.6838565167996,86.64102962121814,186077.91746483842,0
2025-04-03T15:12:43.332273,2,2890.31342580956,93.29347895180328,154419.64007091883,0
2025-04-03T15:12:53.332273,5,3104.2356382771572,85.8645930697263,170308.02637097714,0
2025-04-03T15:13:03.332273,2,2796.3550140804387,86.06368237077096,155614.4304806972,0
2025-04-03T15:13:13.332273,5,2729.3370973620426,82.76594232802077,175520.03489262873,0
2025-04-03T15:13:23.332273,4,2563.2889738394424,80.99157001368246,157075.1945897152,0
2025-04-03T15:13:33.332273,8,2334.620589997544,89.16527088200708,134214.07460884925,0
2025-04-03T15:13:43.332273,8,2316.793950022772,78.8529028321591,149150.9074435621,0
2025-04-03T15:13:53.332273,4,2353.9793350559703,78.20018141220729,147253.16347873272,0
2025-04-03T15:14:03.332273,8,2663.2894826485117,88.32487313861571,149957.38843461752,0
2025-04-03T15:14:13.332273,1,2173.080833461388,91.94113535432044,191716.18109602542,0
2025-04-03T15:14:23.332273,8,3042.689844754858,87.94171741474553,136461.66621085265,0
2025-04-03T15:14:33.332273,8,3168.4605088685184,81.68139973598471,174004.0567725548,0
2025-04-03T15:14:43.332273,10,2316.2748630878336,90.29272045245273,137103.45153108166,0
2025-04-03T15:14:53.332273,2,2386.5676463221107,84.0542786255654,158209.5271861346,0
2025-04-03T15:15:03.332273,6,2777.665320135006,84.44174053010055,162677.75838298147,0
2025-04-03T15:15:13.332273,9,3147.5611477084735,80.81825514209926,151109.52487601028,0
2025-04-03T15:15:23.332273,1,2718.0110394708163,96.06677045632124,170206.62165254715,0
2025-04-03T15:15:33.332273,8,2736.056340752357,82.84041983464618,153897.65925502975,0
2025-04-03T15:15:43.332273,8,2762.200006045788,86.26479708524313,192353.23114323433,0
2025-04-03T15:15:53.332273,7,2656.81250856813,88.24157294224206,134125.45047647404,0
2025-04-03T15:16:03.332273,9,2414.311597650307,88.97629182682863,166807.94224741068,1
2025-04-03T15:16:13.332273,4,2263.0658390411486,81.46254217059314,130441.04526263145,0
2025-04-03T15:16:23.332273,10,2576.2433552360258,85.31411003868483,160474.8071426509,0
2025-04-03T15:16:33.332273,2,2623.0845181480217,86.8884658863081,136325.94505171498,0
2025-04-03T15:16:43.332273,4,2453.151033024796,87.23169366240744,132386.54053530647,0
2025-04-03T15:16:53.332273,2,2044.6282398795804,89.78183788425402,182269.78128705965,0
2025-04-03T15:17:03.332273,6,2825.858796179698,98.03128648219754,160838.847355031,0
2025-04-03T15:17:13.332273,5,1933.0394813833095,75.54708088064507,153763.12430408574,0
2025-04-03T15:17:23.332273,5,2450.5625943481136,91.89916658257502,163669.7392864675,0
2025-04-03T15:17:33.332273,9,2871.7861418915427,82.18119587692902,178197.33230860363,0
2025-04-03T15:17:43.332273,9,2918.2008363363498,81.20168993913872,147701.82085918213,0
2025-04-03T15:17:53.332273,8,2603.015279308285,88.677834063853,134748.16279248608,0
2025-04-03T15:18:03.332273,1,2480.869513736578,91.19735577628452,171472.71707512267,0
2025-04-03T15:18:13.332273,1,2527.6046864906193,82.05861618551639,147046.63550308676,0
2025-04-03T15:18:23.332273,10,2605.1841946824456,87.76249784771629,150090.22338021654,0
2025-04-03T15:18:33.332273,3,2739.9101716372575,85.56223376615266,168347.77301546631,0
2025-04-03T15:18:43.332273,2,2131.294859485977,86.90641787511446,158408.34178943431,0
2025-04-03T15:18:53.332273,9,2381.9613152291395,85.38466151653056,134930.3152557564,0
2025-04-03T15:19:03.332273,8,2267.0550462543,85.54836207425507,180294.17919410943,0
2025-04-03T15:19:13.332273,4,2050.1862677859235,96.29378811767674,118346.26850101157,0
2025-04-03T15:19:23.332273,10,2571.2636087902924,84.14643915410134,183482.14564767404,0
2025-04-03T15:19:33.332273,9,2679.4935966959397,84.70323810742836,138145.00625326374,0
2025-04-03T15:19:43.332273,7,2378.1151550254185,81.28632321600874,151358.74135085204,0
2025-04-03T15:19:53.332273,2,2976.7719417478716,90.02629223716207,147123.66225620086,0
2025-04-03T15:20:03.332273,3,2184.3050923399924,82.98882863840393,129051.36327564341,0
2025-04-03T15:20:13.332273,9,2151.05897488354,91.0647548420205,109430.25128610748,0
2025-04-03T15:20:23.332273,3,2772.3278020085877,80.58301312222012,158741.66241958758,0
2025-04-03T15:20:33.332273,3,2609.398302414206,78.31877846456173,162030.27098431234,0
2025-04-03T15:20:43.332273,8,2232.3046461447843,83.21941320226655,150671.4596535683,0
2025-04-03T15:20:53.332273,8,2278.1517401627493,81.96838428245279,145531.731696896,0
2025-04-03T15:21:03.332273,5,2468.371762768742,95.39004742551396,109986.66225744691,0
2025-04-03T15:21:13.332273,6,2444.8282792879054,90.93535976312785,140294.42108192443,0
2025-04-03T15:21:23.332273,10,2967.9615424622457,87.96917781468694,171777.64441108922,0
2025-04-03T15:21:33.332273,10,2507.259639511729,88.01920781990286,149319.0132888285,0
2025-04-03T15:21:43.332273,7,2672.0342496112753,85.55228372619193,150201.1297917603,0
2025-04-03T15:21:53.332273,3,2908.773362304965,84.45292231398031,196576.6193799654,0
2025-04-03T15:22:03.332273,8,2559.519268340807,91.85179316221988,148590.3894182077,0
2025-04-03T15:22:13.332273,1,2580.8068749991958,87.09295454662298,143046.74437423653,0
2025-04-03T15:22:23.332273,10,2296.3968537601754,93.42503436847318,134045.12036329857,0
2025-04-03T15:22:33.332273,4,3102.2488832574236,85.85461265701623,150124.45650595863,0
2025-04-03T15:22:43.332273,8,2479.306906615613,80.34453617857558,124176.15908230656,0
2025-04-03T15:22:53.332273,2,2803.4100352561136,94.28937583786902,167047.7779381903,0
2025-04-03T15:23:03.332273,8,2740.878204195704,77.62015123002524,119645.82191980317,0
2025-04-03T15:23:13.332273,5,2294.3023520179872,89.55136328527996,130964.10499421587,0
2025-04-03T15:23:23.332273,7,2108.5290339920557,79.43502574093667,157216.65324262413,0
2025-04-03T15:23:33.332273,5,2000.1960144187688,86.79276287390043,161905.73801233943,0
2025-04-03T15:23:43.332273,6,2205.0361717171813,80.99283134075736,144158.21677489803,0
2025-04-03T15:23:53.332273,3,2636.794080883724,91.12719708937809,110001.50185158793,0
2025-04-03T15:24:03.332273,2,2698.8867586323745,82.81118113168397,152106.40855254783,0
2025-04-03T15:24:13.332273,2,2913.6566136082165,84.1551068891659,136798.06442029274,0
2025-04-03T15:24:23.332273,5,2581.6273668829144,82.70160748089693,142643.2468083012,0
2025-04-03T15:24:33.332273,3,2716.9986377809914,80.29054830220196,148278.70420907481,0
2025-04-03T15:24:43.332273,2,2364.8932080566296,91.42520609112728,188398.70725288102,1
2025-04-03T15:24:53.332273,1,2290.6310064482095,88.86183845767768,146196.80685080955,0
2025-04-03T15:25:03.332273,10,2673.01244111691,89.7672305437746,155439.36057855436,0
2025-04-03T15:25:13.332273,5,2100.6175842861467,79.95843835927639,159972.2214718647,0
2025-04-03T15:25:23.332273,1,2687.289763142404,89.93444887370791,154765.0485460708,0
2025-04-03T15:25:33.332273,7,2316.12698998077,84.6404693840528,138975.01316046834,0
2025-04-03T15:25:43.332273,8,2128.6091942981593,90.91409795981328,134421.27229296332,0
2025-04-03T15:25:53.332273,4,2198.1954915979986,83.64108371486448,151395.4711732958,0
2025-04-03T15:26:03.332273,4,2535.839563414894,86.86941769662035,177450.03759166301,0
2025-04-03T15:26:13.332273,8,2175.833361352536,77.14708413332777,143858.16631850466,0
2025-04-03T15:26:23.332273,6,2850.9756453694945,85.8178624463021,155169.06264995487,0
2025-04-03T15:26:33.332273,5,2462.794759335512,85.9567731432021,120898.10853862847,0
2025-04-03T15:26:43.332273,6,2551.467828859373,82.7998586461506,124676.61753438186,0
2025-04-03T15:26:53.332273,2,2461.2559686419304,84.26402021386262,135940.80732290007,0
2025-04-03T15:27:03.332273,3,2598.8811047382533,85.78587987226435,148275.22426230749,0
2025-04-03T15:27:13.332273,1,2374.241660924317,86.10709126994756,160563.31355774798,0
2025-04-03T15:27:23.332273,1,2146.425028614489,85.38950842797823,149637.44973622094,0
2025-04-03T15:27:33.332273,6,2186.911058579294,84.61348918253161,173733.0993149133,0
2025-04-03T15:27:43.332273,6,3211.170269877931,84.1982237276499,169865.53592179512,0
2025-04-03T15:27:53.332273,3,2870.249896202057,87.43588983701444,167830.58010919456,0
2025-04-03T15:28:03.332273,7,2925.147776781718,84.14976314653748,165552.2701777,0
2025-04-03T15:28:13.332273,7,2608.891627537453,93.77650118521375,130141.36473740549,0
2025-04-03T15:28:23.332273,6,2321.516962303859,83.29009170366906,144883.08382214073,0
2025-04-03T15:28:33.332273,9,2507.7650352561664,85.07523884659162,133754.50425872795,0
2025-04-03T15:28:43.332273,8,2343.797335962994,90.90258813274993,156949.11503485581,0
2025-04-03T15:28:53.332273,6,2443.005031998757,87.73235177966417,153569.80152431031,0
2025-04-03T15:29:03.332273,4,3040.3694171923335,79.01255097842044,131444.5086954081,0
2025-04-03T15:29:13.332273,8,2802.608719749321,85.1822406522671,178064.75292452791,0
2025-04-03T15:29:23.332273,2,2439.9365986730227,80.24812365148291,143099.71613119662,0
2025-04-03T15:29:33.332273,7,2574.2076130220184,84.70616346428814,221315.0783661023,0
2025-04-03T15:29:43.332273,3,2977.826072542466,81.01628006346822,157763.39279959674,0
2025-04-03T15:29:53.332273,4,2794.7615035996787,84.08881681644444,135511.8832327716,0
2025-04-03T15:30:03.332273,2,2161.6449567389723,86.05092601769985,140807.4926144607,0
2025-04-03T15:30:13.332273,8,3089.3146236801176,94.19874613182299,169962.30321510317,0
2025-04-03T15:30:23.332273,3,2888.500722772059,88.89609887919529,131567.57679777523,0
2025-04-03T15:30:33.332273,6,2507.8189345772557,88.33514206247844,116245.39330917942,0
2025-04-03T15:30:43.332273,1,2905.8922430165194,85.47754267097497,123875.87939594948,0
2025-04-03T15:30:53.332273,4,2466.2209341038238,86.23793349854672,190629.76665261624,0
2025-04-03T15:31:03.332273,1,2285.0905874758046,90.35135931431797,183191.70304211084,0
2025-04-03T15:31:13.332273,8,2164.979924628641,90.26825705235741,156410.2122178538,0
2025-04-03T15:31:23.332273,10,2754.128826976346,90.13513135734196,140750.85295903293,0
2025-04-03T15:31:33.332273,6,2469.178965467608,93.37244706211285,151914.24706521313,0
2025-04-03T15:31:43.332273,10,2793.844394143616,84.58334885930991,206070.51106838635,0
2025-04-03T15:31:53.332273,1,2789.1748368791773,85.35388625080405,129953.81169174347,0
2025-04-03T15:32:03.332273,2,2542.712451982441,83.85487067494293,145540.36566531958,0
2025-04-03T15:32:13.332273,10,2195.867936628217,86.99223016566968,130196.94606053342,0
2025-04-03T15:32:23.332273,8,2665.484499323073,82.12879170378908,167269.30109661934,0
2025-04-03T15:32:33.332273,2,2388.5628715990288,81.23410689194684,166155.05496964327,0
2025-04-03T15:32:43.332273,1,2695.217174578939,78.53694177658232,158331.1771624367,0
2025-04-03T15:32:53.332273,3,2868.29887113322,82.43866355544613,140213.19264029863,0
2025-04-03T15:33:03.332273,7,2831.8830971225134,86.60675909029037,118370.41419324183,0
2025-04-03T15:33:13.332273,7,2263.3362859498616,84.68063801196318,156105.61262045545,0
2025-04-03T15:33:23.332273,9,2215.2024797146114,83.69404033769968,151421.80798746273,0
2025-04-03T15:33:33.332273,7,2193.2617804549777,84.72002453543084,158733.45031213106,0
2025-04-03T15:33:43.332273,4,2701.619034869016,87.75324322589175,164264.14476930193,0
2025-04-03T15:33:53.332273,5,2641.171210660328,79.86002375729687,158400.6737941121,0
2025-04-03T15:34:03.332273,4,2149.556928916448,86.29489093101843,128804.31592061896,0
2025-04-03T15:34:13.332273,2,2773.8630121435035,87.05639740338984,171039.91994772726,0
2025-04-03T15:34:23.332273,8,2874.5709625839268,82.56074321560061,165058.0181798923,0
2025-04-03T15:34:33.332273,5,2319.0504938086374,79.53548913928081,133253.42303839608,0
2025-04-03T15:34:43.332273,4,3083.211328907682,85.53059520013733,155967.89580554696,0
2025-04-03T15:34:53.332273,3,2303.876860912857,83.5569747121759,165430.68952238295,0
2025-04-03T15:35:03.332273,10,2709.9153526919104,81.4168223534207,161425.57363070044,0
2025-04-03T15:35:13.332273,4,2590.1389644002898,80.40879361564431,156628.1981175491,0
2025-04-03T15:35:23.332273,8,2536.1585695731515,87.74631515147448,165769.1573251309,0
2025-04-03T15:35:33.332273,2,2466.850118410062,80.4138672931296,152862.87121329227,0
2025-04-03T15:35:43.332273,3,2587.342792002194,79.974332181401,126485.99068412388,0
2025-04-03T15:35:53.332273,1,2804.1750504273105,81.42605049200608,165542.230213485,0
2025-04-03T15:36:03.332273,9,2847.2322889418333,79.63199484214368,116551.73915133624,0
2025-04-03T15:36:13.332273,1,2411.7351225098023,81.34866645370988,163591.5437254337,0
2025-04-03T15:36:23.332273,8,2633.7291264861883,93.30266465700812,164814.0797461292,0
2025-04-03T15:36:33.332273,2,2088.2502923773272,85.19486998376858,164661.0295676913,0
2025-04-03T15:36:43.332273,6,2260.737041884325,92.27305141309438,161970.88451105176,0
2025-04-03T15:36:53.332273,1,2635.757076611524,89.41864710571026,144173.47208766922,1
2025-04-03T15:37:03.332273,6,2355.3546844735592,83.82339838480908,172931.87086499258,0
2025-04-03T15:37:13.332273,3,2502.4313995563166,84.15276877363858,144822.9798468267,0
2025-04-03T15:37:23.332273,4,2067.6701158300343,86.74094094880165,135854.39126436572,0
2025-04-03T15:37:33.332273,7,2531.9740217994113,84.24841054607744,151228.16336671571,0
2025-04-03T15:37:43.332273,7,2011.9574407380994,87.14795924211894,160847.1448247854,0
2025-04-03T15:37:53.332273,9,2374.8339102651075,82.90968159841685,172517.1807783892,0
2025-04-03T15:38:03.332273,8,2538.546318108035,80.58873560131798,170477.29970103057,0
2025-04-03T15:38:13.332273,3,2449.283026302451,82.67623864787286,145607.4511939823,0
2025-04-03T15:38:23.332273,10,2576.6927930920965,92.00792168488948,137452.93988163318,0
2025-04-03T15:38:33.332273,9,2883.1579600351574,83.82150871704683,166485.54900281882,0
2025-04-03T15:38:43.332273,4,3206.9947904077967,84.813606870312,177828.23494826458,0
2025-04-03T15:38:53.332273,3,2841.1718671921026,86.67925009661607,166078.63271190383,0
2025-04-03T15:39:03.332273,2,2721.5141261905787,78.90674442679834,151086.98815441562,0
2025-04-03T15:39:13.332273,2,2825.1334509584763,79.62861664997376,141795.7478743041,0
2025-04-03T15:39:23.332273,10,2244.6515376921834,84.52861471904987,148915.06254281916,0
2025-04-03T15:39:33.332273,10,2386.468156154086,84.22631816578705,136013.97310513133,0
2025-04-03T15:39:43.332273,6,2955.5894134030113,80.35207536213093,197142.51965557685,0
2025-04-03T15:39:53.332273,3,2389.430307637231,87.41791587758372,115453.42824327383,0
2025-04-03T15:40:03.332273,9,2365.8873123158146,88.67976093616107,161413.09406857245,0
2025-04-03T15:40:13.332273,6,2462.865937873281,92.43552680186966,154290.3814243923,0
2025-04-03T15:40:23.332273,9,2514.5779564409113,90.97042199116423,169061.61413214038,0
2025-04-03T15:40:33.332273,2,2636.854339761513,80.18826833872235,96033.08605660268,0
2025-04-03T15:40:43.332273,4,2330.088553111865,90.35300659060186,125566.9276360117,0
2025-04-03T15:40:53.332273,9,2545.907269521871,87.20948879248874,128656.48189540608,0
2025-04-03T15:41:03.332273,10,2252.3182385028476,82.22625206594141,144744.39879098392,0
2025-04-03T15:41:13.332273,9,2005.4910229500601,76.5705709250696,163528.3231366869,0
2025-04-03T15:41:23.332273,8,2737.108629985779,79.29482907998637,122321.74308546548,0
2025-04-03T15:41:33.332273,5,2334.2577161226623,84.83655941236098,156970.53542519963,0
2025-04-03T15:41:43.332273,3,2057.8970127275484,88.99565555348751,156970.62370129177,0
2025-04-03T15:41:53.332273,5,2231.0622707393723,88.05750553131232,150417.46726051247,0
2025-04-03T15:42:03.332273,5,2597.614671352373,78.42011641345248,159884.69858273378,0
2025-04-03T15:42:13.332273,1,2148.576910350588,78.25578995688689,188103.49415705583,0
2025-04-03T15:42:23.332273,9,2778.6494983645825,79.74222578117528,160019.1203912874,0
2025-04-03T15:42:33.332273,7,3070.668114964242,94.65549431344344,158735.96356080112,0
2025-04-03T15:42:43.332273,6,2564.771604976146,88.67338208481999,127321.28638319847,0
2025-04-03T15:42:53.332273,5,2753.6954682005617,86.48182324085816,184611.8061618851,0
2025-04-03T15:43:03.332273,10,2663.8967406243705,83.400964955982,175302.76207557175,0
2025-04-03T15:43:13.332273,9,2159.5577892065344,81.18383997759723,169852.78191600525,0
2025-04-03T15:43:23.332273,9,2530.663431881068,83.13062126871004,169088.62737281778,0
2025-04-03T15:43:33.332273,2,3300.5500001748583,89.79423653000083,109399.34772100802,0
2025-04-03T15:43:43.332273,10,2737.498781237814,87.50570424254539,165655.679376525,0
2025-04-03T15:43:53.332273,10,2860.1660665510913,82.75486085102199,131710.05067236774,0
2025-04-03T15:44:03.332273,8,2661.1697998801787,84.91551056245854,122161.91975520621,0
2025-04-03T15:44:13.332273,1,2966.442842458359,77.16750931404796,115478.96439302884,0
2025-04-03T15:44:23.332273,10,2077.741909865023,83.094332390082,123025.91323953772,0
2025-04-03T15:44:33.332273,7,2687.314318853947,90.85148484182217,159431.21866660734,0
2025-04-03T15:44:43.332273,3,2820.0036246855066,87.13798966879521,140675.76151955975,0
2025-04-03T15:44:53.332273,4,2496.9255110256363,88.18852939263721,161204.8074037811,0
2025-04-03T15:45:03.332273,2,2673.7118795742576,77.69475924021881,150096.64022991536,0
2025-04-03T15:45:13.332273,5,2872.9349557598716,79.1965022484864,136103.30850580026,0
2025-04-03T15:45:23.332273,7,2133.307958623964,78.1862897028487,166482.27218137193,0
2025-04-03T15:45:33.332273,5,2518.604842135796,84.88398426180588,162083.43743380447,0
2025-04-03T15:45:43.332273,9,3001.8306672748063,84.6693258763787,151400.14449913535,0
2025-04-03T15:45:53.332273,4,2653.7512244031604,89.04304678433648,105104.26619828903,0
2025-04-03T15:46:03.332273,9,1923.832658102145,89.02680965477458,146385.46427861828,0
2025-04-03T15:46:13.332273,3,2269.4681514403446,89.73025769315865,209951.93327944458,0
2025-04-03T15:46:23.332273,5,2452.917255099669,91.11309038315534,181165.59928521232,0
2025-04-03T15:46:33.332273,4,2910.472720170768,82.19188777104867,181253.43270873124,0
2025-04-03T15:46:43.332273,10,2532.6130357293796,86.02344262806956,158944.51338270926,0
2025-04-03T15:46:53.332273,7,2425.7210228094973,82.53220639435685,161053.24832504554,0
2025-04-03T15:47:03.332273,3,2485.729972316474,81.77922021903446,153716.63903903554,0
2025-04-03T15:47:13.332273,6,2828.9786979918545,88.6883142426027,168703.48495692253,0
2025-04-03T15:47:23.332273,7,2495.0605967741894,84.3825966319498,126503.01366382992,0
2025-04-03T15:47:33.332273,1,2569.7640124575464,85.00997589416255,179813.25072606732,0
2025-04-03T15:47:43.332273,10,2620.1770877881363,74.69346929426753,197701.92075402813,0
2025-04-03T15:47:53.332273,9,2053.307700786563,82.02753200684914,157954.09236873832,0
2025-04-03T15:48:03.332273,2,2477.8920145207644,90.59351563471128,164964.8756355015,0
2025-04-03T15:48:13.332273,6,2849.5422897445874,75.62257763822852,197217.5531424425,0
2025-04-03T15:48:23.332273,8,2522.0195599907743,83.15802521472548,151848.37794230037,0
2025-04-03T15:48:33.332273,5,2609.6587537191535,95.80104540412634,128612.98002174846,0
2025-04-03T15:48:43.332273,8,2795.384580400359,89.51274521783834,123474.93229500469,0
2025-04-03T15:48:53.332273,5,2385.1805044871676,85.0123967750734,159302.80465006994,0
2025-04-03T15:49:03.332273,7,2042.5560813606335,84.15958487236927,194184.28029391047,0
2025-04-03T15:49:13.332273,7,2808.343158329749,86.25336187519456,180671.11168239225,0
2025-04-03T15:49:23.332273,3,2098.151961809978,87.03884546726404,166281.97507741395,0
2025-04-03T15:49:33.332273,4,2276.1019105246164,78.41676797704648,116334.63576854991,0
2025-04-03T15:49:43.332273,1,2070.13569020457,82.96722923286299,124938.77860691043,0
2025-04-03T15:49:53.332273,9,2148.9247622445773,80.54446076908307,120288.19638104348,0
2025-04-03T15:50:03.332273,10,2788.605306112712,85.75019894233175,132019.6857584654,0
2025-04-03T15:50:13.332273,5,2610.7555621934885,82.94954540311466,135656.49483938288,0
2025-04-03T15:50:23.332273,10,2295.4988132367007,93.0293523408031,186536.78064816142,0
2025-04-03T15:50:33.332273,9,2171.6899800338547,84.73029856228187,102468.56641750092,0
2025-04-03T15:50:43.332273,1,1595.7994341450806,87.19280264133026,103927.02707020397,0
2025-04-03T15:50:53.332273,8,2181.754786623781,80.90670196498262,141647.51265138492,0
2025-04-03T15:51:03.332273,5,2641.213798167579,83.75982956336453,161844.81638745425,0
2025-04-03T15:51:13.332273,1,2482.7839643504058,97.6650497553131,145031.0278248882,0
2025-04-03T15:51:23.332273,5,2563.099964420151,86.25418752603213,168399.71667640397,0
2025-04-03T15:51:33.332273,2,1913.2632269675673,80.35130757148411,91660.19885235983,0
2025-04-03T15:51:43.332273,3,2770.152930132292,92.27939094136852,149248.16627290435,0
2025-04-03T15:51:53.332273,10,2336.8234381056373,83.5730827331388,162127.35237594252,0
2025-04-03T15:52:03.332273,8,2481.166968121719,93.92939541181885,173943.12489111736,0
2025-04-03T15:52:13.332273,6,2305.828596625163,71.93089198228465,149348.65869449856,0
2025-04-03T15:52:23.332273,6,2623.0257481770136,88.52287454238207,129145.94220497114,0
2025-04-03T15:52:33.332273,7,2766.2812032580873,83.61157680805532,135230.67049695124,0
2025-04-03T15:52:43.332273,2,2460.213747299314,80.06605200230076,146812.60736575953,0
2025-04-03T15:52:53.332273,6,2639.348149434494,87.2999264029993,180143.11746073258,0
2025-04-03T15:53:03.332273,6,2858.4524953585187,77.9057739688819,154318.08855979634,0
2025-04-03T15:53:13.332273,3,2830.584551645302,88.27463269471744,169709.9883023663,0
2025-04-03T15:53:23.332273,10,2543.268389003065,86.11820323429008,149332.11919043743,0
2025-04-03T15:53:33.332273,7,2455.9306882372703,76.89899406895793,164698.2982988098,0
2025-04-03T15:53:43.332273,6,2735.820270439367,86.73451015211903,163381.04509333524,0
2025-04-03T15:53:53.332273,9,2288.527824949256,87.8030097198514,118395.00292953681,0
2025-04-03T15:54:03.332273,3,2055.255365354603,85.53412051257588,176041.70863560223,0
2025-04-03T15:54:13.332273,5,1739.58791630169,79.77746934829347,140841.56365546156,0
2025-04-03T15:54:23.332273,10,2455.536554617739,87.61143058234944,153838.48028633062,0
2025-04-03T15:54:33.332273,10,2186.7531736035153,89.29403727084971,155253.3731649276,0
2025-04-03T15:54:43.332273,2,2606.7755198782015,74.51771239704144,147191.27165120543,0
2025-04-03T15:54:53.332273,1,2112.213905968816,86.93641051315657,179529.6758525498,0
2025-04-03T15:55:03.332273,4,2136.216915188826,84.89860278657939,158391.89443997157,0
2025-04-03T15:55:13.332273,1,2379.8117796677966,86.89525291901134,122395.96874785809,0
2025-04-03T15:55:23.332273,10,2702.7348593472543,80.24160625398348,165995.48137605374,0
2025-04-03T15:55:33.332273,9,1530.2090766907295,85.08513893229693,144367.0201332694,0
2025-04-03T15:55:43.332273,6,2295.6260795757416,82.17106881349427,201665.11449835543,0
2025-04-03T15:55:53.332273,9,2742.254452048423,83.50713543938541,153154.71661733923,0
2025-04-03T15:56:03.332273,7,2991.3188318799275,87.27537365736353,162458.73915788715,0
2025-04-03T15:56:13.332273,10,2530.0254616197617,82.50027192674817,175150.17370166158,0
2025-04-03T15:56:23.332273,6,1928.0556640063455,82.43782345959077,186458.51011202708,0
2025-04-03T15:56:33.332273,10,3109.0148409732865,80.34138534995516,166928.63759988899,0
2025-04-03T15:56:43.332273,2,2149.468112061541,84.97675036567904,137798.6384905847,0
2025-04-03T15:56:53.332273,5,1994.868892166127,83.80155975383217,140706.04227010196,0
2025-04-03T15:57:03.332273,5,2093.3658017219905,80.50547979594204,130803.4111183048,0
2025-04-03T15:57:13.332273,2,2977.6020907160473,84.83054114636903,173642.44603663785,0
2025-04-03T15:57:23.332273,3,2019.086990348205,90.82087428409832,104528.23103069914,0
2025-04-03T15:57:33.332273,2,2954.197890780492,74.57501241182271,169060.28359145654,0
2025-04-03T15:57:43.332273,5,2568.015489354526,91.07466725351878,163232.13233418885,0
2025-04-03T15:57:53.332273,1,2547.27075148638,87.77757030998006,146510.74663254007,0
2025-04-03T15:58:03.332273,4,2278.539864150463,77.94608728452559,151521.3840064744,0
2025-04-03T15:58:13.332273,7,2158.6471341082565,86.84260195117784,134289.76293398582,0
2025-04-03T15:58:23.332273,8,2223.2717757167725,84.96017769340996,165198.02471852285,0
2025-04-03T15:58:33.332273,6,2903.062376420384,82.25062914329287,143991.8918973353,0
2025-04-03T15:58:43.332273,8,2374.9682659097,82.20895467341299,154648.52547187096,0
2025-04-03T15:58:53.332273,10,1877.3013593031794,91.05935838684528,148602.65120890728,0
2025-04-03T15:59:03.332273,5,2709.8917490450167,88.36115447262958,172074.3320143076,0
2025-04-03T15:59:13.332273,3,2505.4524964970824,84.16301336703728,152210.08241811887,0
2025-04-03T15:59:23.332273,3,2244.3359998301876,87.61879804593578,141838.54054395432,0
2025-04-03T15:59:33.332273,5,2461.7880765918144,90.45144184297556,166628.0326881973,0
2025-04-03T15:59:43.332273,4,2240.952937504822,81.12848292513564,120184.17163060037,0
2025-04-03T15:59:53.332273,2,2708.4756908913837,81.85535043007451,167195.62492619065,0
2025-04-03T16:00:03.332273,3,1910.7083378750751,85.77164001060771,136683.29642081243,0
2025-04-03T16:00:13.332273,3,2964.739251130387,87.30265840948435,122918.46520245326,0
2025-04-03T16:00:23.332273,2,2411.7066618619333,90.65599848611151,171414.67982913333,0
2025-04-03T16:00:33.332273,9,2452.7136136795643,89.66277635769089,149370.99732727036,0
2025-04-03T16:00:43.332273,1,2059.279165345644,89.282278500787,140583.7115429337,0
2025-04-03T16:00:53.332273,8,2613.1005981054805,91.67686563293397,144864.02485915367,0
2025-04-03T16:01:03.332273,8,2605.24549082383,79.90252904539544,151245.62599507975,0
2025-04-03T16:01:13.332273,10,2177.342455858805,93.69327153422975,163987.0092646297,0
2025-04-03T16:01:23.332273,3,2658.71444378403,80.0070547996524,129098.6864227287,0
2025-04-03T16:01:33.332273,2,2608.1637188570962,83.47790258012976,145753.022353186,0
2025-04-03T16:01:43.332273,9,2249.1945346079187,79.0797154776833,161122.6585020628,0
2025-04-03T16:01:53.332273,7,2174.3419290804572,78.67751756040683,136013.95525576177,0
2025-04-03T16:02:03.332273,8,2237.4206777410022,76.17557264411344,155809.95826331008,0
2025-04-03T16:02:13.332273,1,2377.1760563207504,80.88777156775734,119789.75768637659,0
2025-04-03T16:02:23.332273,9,2768.6590842687488,82.00347091091346,160729.51069052247,0
2025-04-03T16:02:33.332273,9,2386.4060686536523,86.3579119676809,148975.07727547621,0
2025-04-03T16:02:43.332273,6,2284.1575253735823,84.01389832963768,164285.77195845408,0
2025-04-03T16:02:53.332273,2,2061.1066786915812,85.38499942589877,131547.86443909726,0
2025-04-03T16:03:03.332273,7,2797.862411333822,85.83031562977946,128137.8063890464,0
2025-04-03T16:03:13.332273,3,2624.106719378174,88.07231242812138,129617.29374211108,0
2025-04-03T16:03:23.332273,2,3266.95890800877,88.09980171828488,136026.49436138986,0
2025-04-03T16:03:33.332273,8,2091.056927359357,92.65638623420594,187371.43166716714,0
2025-04-03T16:03:43.332273,8,2794.4688266077146,84.72106630962877,124313.8974809501,0
2025-04-03T16:03:53.332273,4,2525.8878414679557,91.19666167347818,176209.45555987742,0
2025-04-03T16:04:03.332273,2,2960.681913326795,79.38122693089228,146040.36515114203,0
2025-04-03T16:04:13.332273,6,2759.5752982969825,94.60173114931567,168224.0531318307,0
2025-04-03T16:04:23.332273,9,2570.541870804396,77.72736621730246,134032.4993811536,0
2025-04-03T16:04:33.332273,9,2046.4803797999612,83.79709385506145,150747.43936389536,0
2025-04-03T16:04:43.332273,4,2659.4363921479944,80.75916514336778,146682.26564208773,0
2025-04-03T16:04:53.332273,5,2468.619573576237,76.95315516974962,167992.35036379914,0
2025-04-03T16:05:03.332273,6,2441.9077311416168,80.73153383476055,107428.90414617166,1
2025-04-03T16:05:13.332273,5,2533.469758291732,91.29310317761673,149441.30922492605,1
2025-04-03T16:05:23.332273,3,2494.6629907608503,82.9042614473075,116027.34766196902,0
2025-04-03T16:05:33.332273,1,2228.0697086266273,84.46099172750496,166876.37944767158,0
2025-04-03T16:05:43.332273,7,2309.8003831947303,82.7058988688356,139670.68944008887,0
2025-04-03T16:05:53.332273,9,2091.197840546271,90.42568812515786,163484.1221487758,0
2025-04-03T16:06:03.332273,10,2447.792268810999,83.924613116337,156477.72347358544,0
2025-04-03T16:06:13.332273,1,2762.411819130147,87.46753985255454,143732.27914661713,0
2025-04-03T16:06:23.332273,5,2789.8222706976367,86.0348415108175,151342.14287730798,0
2025-04-03T16:06:33.332273,3,2852.6922718460564,81.98007066202538,115059.17992350449,0
2025-04-03T16:06:43.332273,9,2178.195413734246,89.61440120908051,116288.67920409913,0
2025-04-03T16:06:53.332273,5,2624.5135162010743,79.74724605507369,181172.08598578084,0
2025-04-03T16:07:03.332273,5,2654.4140133317214,79.27825612458862,162070.61336768727,0
2025-04-03T16:07:13.332273,8,2204.392895687258,80.17486560514722,107168.03535382955,0
2025-04-03T16:07:23.332273,5,1932.9802345345117,86.4252999257223,119173.06498426461,0
2025-04-03T16:07:33.332273,8,3192.426705037642,82.13695260166551,165364.55401046554,0
2025-04-03T16:07:43.332273,1,2850.850931975865,90.68323278798579,189740.18374160738,0
2025-04-03T16:07:53.332273,6,2992.1469769702217,91.9620121560296,142972.8373954966,0
2025-04-03T16:08:03.332273,7,2685.1594627638974,84.70154118484713,160770.98497578123,0
2025-04-03T16:08:13.332273,1,2645.8517398918,87.02797669552574,132001.20135973248,0
2025-04-03T16:08:23.332273,8,2626.236990972033,86.18948448260149,153802.5491372247,0
2025-04-03T16:08:33.332273,6,2454.3831568614064,92.07687461596262,151400.37342448966,0
2025-04-03T16:08:43.332273,2,2117.029538120645,82.62006921777296,115283.95383414968,0
2025-04-03T16:08:53.332273,5,2323.833268834787,88.99302339087005,123981.08761418481,0
2025-04-03T16:09:03.332273,10,2116.4041805279494,78.80741746037211,170471.44660604405,0
2025-04-03T16:09:13.332273,6,2280.68988648681,86.39367078132031,141048.99405735973,0
2025-04-03T16:09:23.332273,1,2056.286361200045,82.727895854189,159435.33793507746,0
2025-04-03T16:09:33.332273,9,3242.6746001285637,87.59940150050912,121065.2380523833,0
2025-04-03T16:09:43.332273,2,2630.649387998157,87.72049409001241,139198.7807587348,0
2025-04-03T16:09:53.332273,8,2383.5660070522035,80.79191780346446,150105.76721771937,0
2025-04-03T16:10:03.332273,3,2307.4271470379936,83.97862942770873,168963.54734981133,0
2025-04-03T16:10:13.332273,9,1993.3827624118455,85.8602702307706,147078.37019959601,0
2025-04-03T16:10:23.332273,3,2647.033161695447,88.17611130390063,122406.79361969269,0
2025-04-03T16:10:33.332273,8,2744.6086695918348,88.99088836509189,177695.5433443171,0
2025-04-03T16:10:43.332273,8,2475.632003415311,81.57581186334075,143573.37057818018,0
2025-04-03T16:10:53.332273,7,2440.9015491872824,73.15077194420991,136875.2243408904,0
2025-04-03T16:11:03.332273,9,1867.83637381874,89.08015654211124,157136.06952863373,0
2025-04-03T16:11:13.332273,4,2805.8643710903725,102.94844165707342,198253.15162085684,0
2025-04-03T16:11:23.332273,4,3335.7350784112327,86.59138858126929,169025.99972706026,0
2025-04-03T16:11:33.332273,4,1992.1180672572586,79.73121748968998,156688.02422577955,0
2025-04-03T16:11:43.332273,5,2801.4489679718795,94.20828695965952,150758.8739402303,0
2025-04-03T16:11:53.332273,10,2488.2746920842137,91.80676577310948,167437.87429888037,0
2025-04-03T16:12:03.332273,4,2257.7552278916323,85.09038736517755,120144.03570706409,0
2025-04-03T16:12:13.332273,6,2595.146357698328,82.93995138861163,137685.6727807249,0
2025-04-03T16:12:23.332273,2,2159.4937234356958,88.95508211328362,176622.2152420772,0
2025-04-03T16:12:33.332273,7,2194.828540749407,90.5440890672704,142966.68029934206,0
2025-04-03T16:12:43.332273,8,2392.874687396752,82.57241595729,143411.8098832979,0
2025-04-03T16:12:53.332273,10,3071.4468536392505,73.31875216487168,159901.34428588478,0
2025-04-03T16:13:03.332273,5,2572.2519496721825,83.70334653938181,158807.49295776425,0
2025-04-03T16:13:13.332273,3,2769.9866340453796,87.52416904034474,131088.96489472748,0
2025-04-03T16:13:23.332273,9,3076.776845507729,86.29821341458117,154720.5229174858,0
2025-04-03T16:13:33.332273,7,2037.3377758906008,89.20406749667124,146184.77760604414,0
2025-04-03T16:13:43.332273,3,2563.789837469904,83.87598733196594,182468.2040195756,0
2025-04-03T16:13:53.332273,8,2311.417388136234,81.03600697515635,121321.68833207307,0
2025-04-03T16:14:03.332273,2,2770.745152057389,84.18020489429101,155430.11169766512,0
2025-04-03T16:14:13.332273,3,2869.9770188155526,88.91646296705086,132722.71531404107,0
2025-04-03T16:14:23.332273,10,2334.191890928111,83.05629845798514,131172.45559203383,0
2025-04-03T16:14:33.332273,6,2320.67053700029,81.06537748801654,140359.0013482232,0
2025-04-03T16:14:43.332273,9,2672.085618571865,82.99989038003739,182892.4933344317,0
2025-04-03T16:14:53.332273,1,2422.774381074976,86.58550301141204,150392.60625956918,0
2025-04-03T16:15:03.332273,6,2316.239466117096,81.64990422389154,170292.49533077783,0
2025-04-03T16:15:13.332273,5,2665.864546698381,83.0625771670422,142090.83172427505,0
2025-04-03T16:15:23.332273,9,2524.758727656094,86.44656384951685,148420.92711360936,0
2025-04-03T16:15:33.332273,2,2524.9042142299104,88.60664542674033,200305.8147833951,0
2025-04-03T16:15:43.332273,3,2665.0948781473917,90.29287925888057,127246.4331192293,0
2025-04-03T16:15:53.332273,1,1414.3176183509433,91.8071490836702,162125.86503817613,0
2025-04-03T16:16:03.332273,4,2931.04361866493,78.99998769471323,125896.52086132324,0
2025-04-03T16:16:13.332273,9,2859.819259382331,92.30254672815423,187650.61375579916,0
2025-04-03T16:16:23.332273,7,2413.5262679515236,74.1690868959058,123386.83993922865,0
2025-04-03T16:16:33.332273,2,2501.7332721685507,78.33890953686146,137278.58725500738,0
2025-04-03T16:16:43.332273,4,2369.5060233539293,81.40115850910382,139442.85792312626,0
2025-04-03T16:16:53.332273,9,2436.5445927102164,79.966757374488,151979.4570180545,0
2025-04-03T16:17:03.332273,5,2492.218540824988,94.62572141221763,156022.62584308276,0
2025-04-03T16:17:13.332273,3,2518.9245001194204,91.92587628623903,146086.0578515135,0
2025-04-03T16:17:23.332273,1,1794.9472607545242,83.93285726650167,123853.5689564551,0
2025-04-03T16:17:33.332273,9,1971.194271866153,88.96552703400707,117809.57974157226,0
2025-04-03T16:17:43.332273,10,2551.743495252411,86.9094878024251,166273.39078154476,0
2025-04-03T16:17:53.332273,5,2475.7134890621483,90.80105058680894,139195.484647129,0
2025-04-03T16:18:03.332273,10,2674.1389991529395,87.77454507238423,164063.8975344813,0
2025-04-03T16:18:13.332273,4,2501.3053129216974,74.55176085822694,136609.41831767172,0
2025-04-03T16:18:23.332273,10,2966.642695042411,86.58106527163507,169074.3063634351,0
2025-04-03T16:18:33.332273,5,2718.1814620491077,84.31287193939953,161919.9281171049,0
2025-04-03T16:18:43.332273,5,2505.7956340466617,84.6648394849942,186089.5053432275,0
2025-04-03T16:18:53.332273,9,2547.93335479866,83.58185200329882,199797.60245245948,0
2025-04-03T16:19:03.332273,3,2652.356638043112,83.01897081992047,132072.65750138168,0
2025-04-03T16:19:13.332273,7,2575.908909779768,83.50909932195417,133636.7187579011,0
2025-04-03T16:19:23.332273,6,2202.1721932593064,87.05901766334088,128602.61513253061,0
2025-04-03T16:19:33.332273,2,2966.938502024151,81.97286296645471,155351.80595260565,0
2025-04-03T16:19:43.332273,2,1925.607283307543,87.62750508194138,148588.63597666562,0
2025-04-03T16:19:53.332273,6,2752.3254656928298,84.89245401456107,165255.23533510292,0
2025-04-03T16:20:03.332273,4,2544.364876591859,81.64781467051444,128616.32320426525,0
2025-04-03T16:20:13.332273,7,3265.200362398279,79.01284469427522,150962.74163353533,0
2025-04-03T16:20:23.332273,2,2451.0583306043795,80.2576354354933,177713.22360917847,0
2025-04-03T16:20:33.332273,7,2383.5148667514063,85.56606981956219,154283.57677685833,0
2025-04-03T16:20:43.332273,4,2751.887286726376,82.28145209477269,140604.39649313854,0
2025-04-03T16:20:53.332273,9,2446.907081963813,79.3358381013843,164070.80771051705,0
2025-04-03T16:21:03.332273,1,2202.2303905296903,81.26927911401415,151379.76681275107,0
2025-04-03T16:21:13.332273,7,2376.0541085882332,89.29434653713669,143656.45136598384,0
2025-04-03T16:21:23.332273,1,2221.9946863200485,88.0157749643141,158708.9457830238,0
2025-04-03T16:21:33.332273,7,2652.6912329347556,87.45989613837605,172446.89790847045,0
2025-04-03T16:21:43.332273,4,2678.4448843717,89.24333498986465,133404.6359823948,0
2025-04-03T16:21:53.332273,1,2629.7581082475067,81.6952993456334,140692.17001769177,0
2025-04-03T16:22:03.332273,4,2614.2609229638747,77.97078299717637,152437.9761776183,0
2025-04-03T16:22:13.332273,4,2439.8914084852227,79.76194851334463,150400.89920999418,0
2025-04-03T16:22:23.332273,1,2229.0130863201275,79.4862560987114,158186.27837216153,0
2025-04-03T16:22:33.332273,1,2213.1660391329165,83.83498156263774,147880.19246083134,0
2025-04-03T16:22:43.332273,1,2564.595765790025,88.23238929764054,138229.11373707515,0
2025-04-03T16:22:53.332273,10,2167.0217857909056,91.0302614995993,161800.66563479204,0
2025-04-03T16:23:03.332273,4,2740.9710078112585,93.62572987547969,178199.9694158698,0
2025-04-03T16:23:13.332273,9,2700.20760012987,94.22890445255715,136245.6438267264,0
2025-04-03T16:23:23.332273,3,2289.1321934084176,98.66318002641978,96502.79819471504,0
2025-04-03T16:23:33.332273,5,2180.2291901040576,81.8362216185563,144104.0081293994,0
2025-04-03T16:23:43.332273,6,2389.955655941028,90.79378576614586,136635.10481749833,0
2025-04-03T16:23:53.332273,8,2976.772390007399,95.43618549777966,154796.92872810556,0
2025-04-03T16:24:03.332273,7,2149.8279601166264,87.56501352272008,156947.29243792954,0
2025-04-03T16:24:13.332273,1,2384.0387736597713,90.66389971070667,142408.75809799833,0
2025-04-03T16:24:23.332273,6,2271.884556642713,88.40741364384706,186023.26244415317,0
2025-04-03T16:24:33.332273,2,2631.1607399391382,90.69213410891616,187890.40582463323,0
2025-04-03T16:24:43.332273,9,3098.3815970530436,100.09783160371046,150192.60028235367,0
2025-04-03T16:24:53.332273,6,2127.998339448972,78.99467411192208,122270.60356094707,0
2025-04-03T16:25:03.332273,4,2205.073572491879,86.73057521629066,156612.53203227054,0
2025-04-03T16:25:13.332273,10,2395.217418419632,86.6760509730506,165472.09856217046,0
2025-04-03T16:25:23.332273,4,2720.0720566298282,84.69842528711523,150187.52785976205,0
2025-04-03T16:25:33.332273,6,2537.1286163090463,80.93605882566989,194469.29683014378,0
2025-04-03T16:25:43.332273,6,2723.3378994045593,85.53865593781481,148725.7555102622,0
2025-04-03T16:25:53.332273,10,2183.4961661882185,83.84311323676793,132782.22892749668,0
2025-04-03T16:26:03.332273,5,2494.2093069963184,77.01971529789587,174240.12634941432,0
2025-04-03T16:26:13.332273,9,2608.9869946330386,76.11441437078041,154779.90574214762,0
2025-04-03T16:26:23.332273,6,2387.6830469550223,83.01296864431703,128680.13253751918,0
2025-04-03T16:26:33.332273,3,2249.9105283401923,86.59927398797213,161031.06695323173,0
2025-04-03T16:26:43.332273,10,2455.842401553798,83.40171873722352,172603.16295041912,0
2025-04-03T16:26:53.332273,1,2901.576813231515,73.71208981875078,139505.22281413106,0
2025-04-03T16:27:03.332273,2,2153.5925812712594,86.095844748492,140992.50681792322,0
2025-04-03T16:27:13.332273,4,2782.761555476055,88.91205561522308,162553.87788580658,0
2025-04-03T16:27:23.332273,2,1881.9463155012072,88.9614790828949,179837.20086140753,0
2025-04-03T16:27:33.332273,6,3299.079517131237,91.74490698183142,150453.02003000228,0
2025-04-03T16:27:43.332273,6,2548.412724027012,82.93358588929009,142117.285201455,0
2025-04-03T16:27:53.332273,10,2694.3916897340187,86.94177861848593,185325.03056579333,0
2025-04-03T16:28:03.332273,3,2514.874849068405,86.98360520235325,162090.66901725662,0
2025-04-03T16:28:13.332273,3,2944.0991479192758,76.29267159952103,176664.76710218913,0
2025-04-03T16:28:23.332273,6,2801.9426210271654,87.41828800668344,152469.77215055455,0
2025-04-03T16:28:33.332273,5,2581.147449890993,78.54960552491994,109632.00219382685,0
2025-04-03T16:28:43.332273,1,2080.356244914193,81.64390019617503,165157.00577712635,0
2025-04-03T16:28:53.332273,2,1938.3528234235769,83.15011166368305,165154.76357639095,0
2025-04-03T16:29:03.332273,2,2285.0850054771217,95.46956438886369,112616.29550309299,0
